"","x"
"1",0.500544436526265
"2",-17.589947684302
"3",-14.0687863258823
"4",30.7825031009788
"5",94.6291577523557
"6",130.800790871886
"7",110.817641344509
"8",50.9575768823595
"9",-2.9809685985767
"10",-17.6941017949313
"11",-0.142301534515549
"12",15.2191123497268
"13",5.42510923368447
"14",-15.9964685191492
"15",-13.5531720626196
"16",30.9493443589594
"17",94.6831438565965
"18",130.818259569296
"19",110.823293824781
"20",50.9594058987124
"21",-2.98037676974082
"22",-17.6939102923401
"23",-0.142239568554747
"24",15.2191324005276
"25",-1.50713233317837
"26",-31.7781871657224
"27",-27.1399465716168
"28",47.0216194374377
"29",155.196785832125
"30",218.836730156406
"31",187.881444818066
"32",87.6167528642247
"33",-4.88543149608197
"34",-31.5262372147148
"35",-2.01368269078353
"36",25.6071536595959
"37",10.6550096241724
"38",-26.0017662890771
"39",-24.3964299886701
"40",48.3246552448415
"41",155.815663926732
"42",219.130666895372
"43",188.021050351477
"44",87.6830586449431
"45",-4.85393950253944
"46",-31.5112800624645
"47",-2.00657877711298
"48",25.6105276701424
"49",7.56961490432609
"50",-29.1537583966071
"51",-34.9523020324691
"52",40.0017371298343
"53",164.937497781199
"54",249.949907754309
"55",227.517719304728
"56",115.73243052677
"57",1.52552826184413
"58",-39.542012709328
"59",-8.46131607596974
"60",29.494672549532
"61",19.209692611055
"62",-24.5599996833632
"63",-33.1393743487213
"64",40.7172093589314
"65",165.219859022189
"66",250.061341667704
"67",227.561696718239
"68",115.749786220743
"69",1.53237768952172
"70",-39.5393095814909
"71",-8.46024928609364
"72",29.4950935583442
"73",7.69311700003578
"74",-21.9429428301272
"75",-27.6501563910558
"76",27.3356473485187
"77",118.41355450672
"78",178.386921323773
"79",158.910664947508
"80",75.9032354970865
"81",-5.36715142568755
"82",-30.7830761024777
"83",-4.21565634012697
"84",24.1951521242364
"85",14.4970745961108
"86",-20.029590984622
"87",-27.1120996449629
"88",27.4869551504247
"89",118.456104016756
"90",178.398886739841
"91",158.914029761382
"92",75.9041817218013
"93",-5.36688533631549
"94",-30.7830012750579
"95",-4.21563529778805
"96",24.1951580415863
"97",3.08340539454887
"98",-26.0469935551044
"99",-25.3779026040574
"100",36.9212962588532
"101",129.68915273411
"102",183.932008091244
"103",156.15683642315
"104",69.198801770718
"105",-9.22511640159724
"106",-29.05774904835
"107",-0.352082104724813
"108",24.7913676060579
"109",10.5942489298284
"110",-23.7714930055637
"111",-24.6885122943487
"112",37.1301553598611
"113",129.75242911537
"114",183.951178433384
"115",156.162644309291
"116",69.2005613398054
"117",-9.22458331894061
"118",-29.0575875445358
"119",-0.352033175198319
"120",24.7913824298475
"121",17.8089067671215
"122",-34.494274294188
"123",-45.1749931049915
"124",40.5147465411574
"125",181.182057402455
"126",271.578944528317
"127",238.638165141645
"128",109.925075457969
"129",-12.4845558222937
"130",-46.9425823505767
"131",-2.95459075772147
"132",40.1057035174686
"133",21.851748087302
"134",-34.086737098561
"135",-45.1339114614972
"136",40.5188877617633
"137",181.18247485674
"138",271.57898660965
"139",238.638169383639
"140",109.925075885581
"141",-12.4845557791884
"142",-46.9425823462315
"143",-2.95459075728346
"144",40.1057035175127
"145",25.4628346750817
"146",-51.1304390265435
"147",-50.7600299393254
"148",86.0481359311308
"149",288.634306711989
"150",405.902814249583
"151",343.782344516533
"152",153.073531799543
"153",-18.3181333630881
"154",-61.8186991281178
"155",0.0722523620080296
"156",53.965873403962
"157",22.7717181415743
"158",-50.9962411021867
"159",-50.7667219880262
"160",86.0484696435635
"161",288.634290070749
"162",405.902815079432
"163",343.782344475151
"164",153.073531801606
"165",-18.318133363191
"166",-61.8186991281127
"167",0.0722523620077737
"168",53.965873403962
"169",5.3109612613283
"170",-48.0264041011747
"171",-22.2332341547075
"172",111.624034059893
"173",276.871595201239
"174",350.421995838165
"175",274.664237106018
"176",110.799243403979
"177",-18.4603589732798
"178",-40.57613423935
"179",9.4761183272128
"180",39.4798049346609
"181",3.49203225143209
"182",-47.9426016926138
"183",-22.2370951320422
"184",111.62421194435
"185",276.871587005676
"186",350.421996215754
"187",274.664237088622
"188",110.799243404781
"189",-18.4603589733167
"190",-40.5761342393483
"191",9.47611832721272
"192",39.4798049346609
"193",-12.4437310159802
"194",-33.9631309972044
"195",-2.28648233791125
"196",91.3897278845756
"197",190.625851104155
"198",222.126584395166
"199",162.556174735957
"200",59.8014569875748
"201",-11.7562400049522
"202",-18.0129166507387
"203",10.7914675728448
"204",20.0926089493961
"205",-7.53138660845086
"206",-32.7621357636357
"207",-1.9928568443803
"208",91.4615149558657
"209",190.643401976671
"210",222.130875322774
"211",162.557223804014
"212",59.8017134691306
"213",-11.7561772990219
"214",-18.0129013200702
"215",10.7914713209655
"216",20.0926098657559
"217",10.8014096676047
"218",0.841505757343782
"219",-12.6784719016489
"220",-5.47335408565906
"221",28.1103531422043
"222",66.4840121709279
"223",79.3555282493723
"224",55.9111260305151
"225",15.0962756780307
"226",-12.1180701611446
"227",-11.0666743453171
"228",5.30797335743784
"229",12.5845909574252
"230",1.44055464064504
"231",-12.4772250813547
"232",-5.40574644326544
"233",28.1330655175021
"234",66.4916422549451
"235",79.3580915295817
"236",55.9119871488746
"237",15.0965649654939
"238",-12.117972976785
"239",-11.0666416968239
"240",5.30798432550007
"241",11.4404847346088
"242",-3.52736445189542
"243",-16.8708008696417
"244",3.8659075812379
"245",59.8550099469193
"246",114.680331848977
"247",125.799931849649
"248",83.9115220497242
"249",21.8130932760733
"250",-15.9414422882094
"251",-12.8880779540787
"252",8.59084029004164
"253",14.8292411923358
"254",-2.19063021611893
"255",-16.3435105673178
"256",4.07390334844687
"257",59.9370562864521
"258",114.712695977926
"259",125.812698255178
"260",83.9165579062547
"261",21.8150797280107
"262",-15.9406587092341
"263",-12.8877688622759
"264",8.59096221488336
"265",22.2639611808749
"266",-5.06557420946737
"267",-23.9844738174774
"268",9.99544235507688
"269",95.4338317605002
"270",175.950506976003
"271",188.978127231414
"272",123.505507675196
"273",30.5498314287055
"274",-23.9873327234616
"275",-17.9724617296897
"276",13.5089271217381
"277",21.0272497823677
"278",-4.95235610788056
"279",-23.9948386758772
"280",9.99639123417079
"281",95.4337448927882
"282",175.950514928543
"283",188.978126503377
"284",123.505507741846
"285",30.5498314226039
"286",-23.987332722903
"287",-17.9724617297408
"288",13.5089271217428
"289",16.6742931986177
"290",-13.6892381469492
"291",-24.9123544898039
"292",25.1926982323336
"293",121.054246425083
"294",196.235504528997
"295",192.006855790154
"296",111.667948341446
"297",17.4969955719075
"298",-26.6880880633588
"299",-11.2145293661692
"300",19.0200761180703
"301",17.3295065573454
"302",-13.666667020378
"303",-24.9115769480339
"304",25.1927250174922
"305",121.054247347792
"306",196.235504560783
"307",192.006855791249
"308",111.667948341483
"309",17.4969955719088
"310",-26.6880880633588
"311",-11.2145293661692
"312",19.0200761180703
"313",2.83693595917608
"314",-17.7887583798917
"315",-14.2558682288109
"316",40.69866174522
"317",123.527343248543
"318",176.460939091492
"319",158.98226101676
"320",85.1370288649917
"321",10.4427245648467
"322",-18.7079939615662
"323",-3.85367264672395
"324",15.2984755507089
"325",7.23933391055754
"326",-16.5218930861514
"327",-13.8913060765002
"328",40.8035707387445
"329",123.557532605426
"330",176.469626595188
"331",158.98476099451
"332",85.13774827634
"333",10.4429315877645
"334",-18.7079343871814
"335",-3.85365550317597
"336",15.298480484058
"337",2.30628214483472
"338",-17.0485230747815
"339",-16.8148928953789
"340",30.613068965926
"341",106.608892677752
"342",158.355569957225
"343",145.969836712368
"344",79.443552773361
"345",9.40162433583446
"346",-19.2125907192671
"347",-5.33283802579017
"348",14.55559634465
"349",8.9630460010646
"350",-14.0041610309072
"351",-15.4226037208863
"352",31.249809641796
"353",106.900095608677
"354",158.488746853554
"355",146.030742987108
"356",79.4714072616765
"357",9.41436313036146
"358",-19.206764839999
"359",-5.33017365521926
"360",14.5568148509411
"361",5.70951878836691
"362",-11.6860370156
"363",-18.2610994090489
"364",14.9338893010735
"365",78.4996802412563
"366",128.554055954158
"367",125.791532322274
"368",72.1508024226791
"369",9.22657067800775
"370",-20.0278610505856
"371",-8.86541018941496
"372",12.558519001152
"373",12.4413009769395
"374",-8.07757877062489
"375",-16.3268462586971
"376",15.9707130622617
"377",79.0554521222891
"378",128.851968092468
"379",125.951223096819
"380",72.2364019676307
"381",9.27245486960727
"382",-20.0032656039634
"383",-8.85222621529539
"384",12.5655860480024
"385",3.82292177492636
"386",-39.7165621466563
"387",-14.930005829197
"388",113.004526969911
"389",277.768394396032
"390",361.793245593372
"391",301.183592160718
"392",144.218650642578
"393",6.37705659278288
"394",-34.025548799257
"395",1.79777109967304
"396",30.8281804184074
"397",3.90590704369689
"398",-39.7163387615995
"399",-14.9300052278748
"400",113.00452697153
"401",277.768394396036
"402",361.793245593372
"403",301.183592160718
"404",144.218650642578
"405",6.37705659278288
"406",-34.025548799257
"407",1.79777109967304
"408",30.8281804184074
"409",20.6080927926368
"410",-64.1929011667394
"411",-46.6325097931631
"412",132.479605245904
"413",379.302165072166
"414",512.842165811886
"415",428.656086833324
"416",195.473459537895
"417",-9.38949396527697
"418",-62.3768334975318
"419",4.53731494948713
"420",58.5882407793029
"421",16.6299643701874
"422",-63.9227871381392
"423",-46.6508504751871
"424",132.480850574104
"425",379.30208051466
"426",512.842171553322
"427",428.656086443482
"428",195.473459564365
"429",-9.38949396707429
"430",-62.3768334974097
"431",4.53731494947884
"432",58.5882407793035
"433",45.673073251641
"434",-51.0753990500333
"435",-73.2506668677173
"436",70.6758840233332
"437",320.617682882231
"438",495.615449070602
"439",456.876293051981
"440",236.819359062787
"441",8.35390650316735
"442",-75.3970781280523
"443",-14.0318893968188
"444",62.0615616017321
"445",40.5882412257137
"446",-50.6587882515841
"447",-73.2848006515865
"448",70.6786806748016
"449",320.617453746796
"450",495.615467844142
"451",456.876291513826
"452",236.819359188811
"453",8.35390649284193
"454",-75.3970781272064
"455",-14.0318893968881
"456",62.0615616017378
"457",20.178073968489
"458",-45.5514989911487
"459",-59.3607065339606
"460",67.9788098313523
"461",285.825393994528
"462",438.549676333314
"463",405.756816677888
"464",214.352082071753
"465",13.3010924633078
"466",-63.9410775994542
"467",-14.7665844852442
"468",49.9771621755593
"469",33.360542966188
"470",-42.0743610083066
"471",-58.443542340073
"472",68.2207301010397
"473",285.889205269844
"474",438.566507824378
"475",405.761256317905
"476",214.353253114972
"477",13.3014013492121
"478",-63.9409961246629
"479",-14.76656299465
"480",49.9771678441303
"481",-18.9551601770977
"482",-96.6597726969077
"483",-27.7345648501914
"484",232.670438445078
"485",529.606860176083
"486",641.230366509761
"487",481.593731466191
"488",179.898318023391
"489",-40.520458509263
"490",-64.5265851560192
"491",27.891907899321
"492",69.4762898305178
"493",-6.99073083617532
"494",-94.5993925326369
"495",-27.3797492296252
"496",232.731540821611
"497",529.617382543763
"498",641.232178554199
"499",481.594043516211
"500",179.898371761155
"501",-40.5204492551466
"502",-64.5265835623788
"503",27.8919081737599
"504",69.4762898777786
"505",-13.9368079744765
"506",-117.413210714645
"507",-25.7406888690935
"508",300.047533204439
"509",661.172795735515
"510",786.772346550732
"511",580.586538432876
"512",209.356986860182
"513",-53.3460046354494
"514",-74.5260313401873
"515",39.9977831092383
"516",85.439230135703
"517",-12.9830395877691
"518",-117.402563683603
"519",-25.7405700150074
"520",300.047534531222
"521",661.172795750326
"522",786.772346550897
"523",580.586538432878
"524",209.356986860182
"525",-53.3460046354494
"526",-74.5260313401873
"527",39.9977831092383
"528",85.439230135703
"529",-22.8082556067043
"530",-93.3568129784699
"531",-14.5364312596669
"532",251.57283708124
"533",548.074473008619
"534",656.477716523548
"535",495.21584453497
"536",194.176971687357
"537",-26.7517037657343
"538",-55.8222795050231
"539",28.0815632176119
"540",63.2546157911161
"541",-12.2778161764398
"542",-91.6037368873802
"543",-14.2445843902648
"544",251.621422876011
"545",548.082561426556
"546",656.479063059198
"547",495.216068702201
"548",194.177009006048
"549",-26.7516975530301
"550",-55.8222784707507
"551",28.0815633897945
"552",63.2546158197805
"553",5.8840924402211
"554",-73.5031096527834
"555",-58.902626396612
"556",129.824285663984
"557",395.523564728516
"558",542.611309634074
"559",455.296560077707
"560",205.311993651402
"561",-15.5691772160962
"562",-71.6917496108806
"563",3.66637429924006
"564",65.5277599588911
"565",20.8475152662763
"566",-70.0861757790819
"567",-58.1223612638967
"568",130.002461098404
"569",395.564251520863
"570",542.620600561731
"571",455.298681683559
"572",205.312478125241
"573",-15.5690665853207
"574",-71.6917243480749
"575",3.66638006806299
"576",65.5277612762158
"577",-10.2911922966312
"578",-100.415980381235
"579",-54.9105147385935
"580",195.442012556461
"581",505.494283876206
"582",640.540553630207
"583",492.767794885756
"584",182.248416646596
"585",-55.5923296674959
"586",-85.2512215355554
"587",20.7781096117966
"588",81.8722560175705
"589",9.88929777887249
"590",-95.4417412494822
"591",-53.684426826591
"592",195.744227936168
"593",505.568776198361
"594",640.558915058621
"595",492.772320748874
"596",182.249532215412
"597",-55.592054693695
"598",-85.2511537579427
"599",20.7781263181329
"600",81.8722601354741
"601",-9.20877686814524
"602",-82.5682474097608
"603",-24.1796460133054
"604",227.517153121018
"605",535.365706382382
"606",675.858801127437
"607",541.233764702393
"608",238.703957857397
"609",-9.36157511387018
"610",-66.3184653451808
"611",11.9657692614542
"612",63.2108426823357
"613",3.51073975942294
"614",-80.0087798188598
"615",-23.6646205967991
"616",227.620788416339
"617",535.386560255011
"618",675.862997419851
"619",541.234609095679
"620",238.704127769298
"621",-9.36154092357692
"622",-66.3184584652851
"623",11.965770645852
"624",63.2108429609093
"625",-31.7408705326857
"626",-126.435198249362
"627",-30.3305905814976
"628",324.498319165434
"629",738.606312747308
"630",911.04553990936
"631",712.132606123241
"632",302.244145164851
"633",-18.0830118715811
"634",-79.3478671427738
"635",27.8381508640818
"636",84.060574339045
"637",-9.41136154923727
"638",-120.503678326231
"639",-28.7549657603435
"640",324.916861732804
"641",738.717492692146
"642",911.075073297593
"643",712.14045125234
"644",302.246229113028
"645",-18.0824583000653
"646",-79.3477200942884
"647",27.8381899254432
"648",84.0605847151461
"649",-15.1922684520723
"650",-153.392487608321
"651",-24.4900590568267
"652",411.671805844527
"653",892.391603797651
"654",1060.82345648826
"655",790.056456890115
"656",298.87597446683
"657",-53.0919133307362
"658",-89.7566792774551
"659",52.4723275142772
"660",107.470299819571
"661",-21.2804407883337
"662",-153.047593786882
"663",-24.5095972271506
"664",411.672912678213
"665",892.39154109573
"666",1060.82346004031
"667",790.056456688892
"668",298.87597447823
"669",-53.0919133313819
"670",-89.7566792774185
"671",52.4723275142751
"672",107.470299819571
"673",-26.0653204323606
"674",-131.694302433257
"675",-23.4928800992889
"676",357.228067301634
"677",787.831663800103
"678",951.832348507362
"679",725.716227958498
"680",291.722262550621
"681",-32.6251771563926
"682",-80.8308877365939
"683",38.3725786293963
"684",91.8089769859154
"685",-14.4264676715509
"686",-130.218816069777
"687",-23.3058290167159
"688",357.251780233422
"689",787.834669947548
"690",951.832729604163
"691",725.716276271089
"692",291.722268675329
"693",-32.6251763799482
"694",-80.8308876381621
"695",38.3725786418747
"696",91.8089769874973
"697",-64.438565551897
"698",-139.850114999524
"699",70.4404819497642
"700",568.147526378662
"701",1051.41317171599
"702",1170.41012455616
"703",842.190030537689
"704",324.069357902661
"705",-24.6764426203498
"706",-59.524436170854
"707",59.4944007555835
"708",80.0438428179961
"709",-54.4590693527225
"710",-138.605917558681
"711",70.5956027335095
"712",568.1668661207
"713",1051.4155829056
"714",1170.41042517213
"715",842.190068017098
"716",324.069362575421
"717",-24.6764420377717
"718",-59.5244360982208
"719",59.4944007646391
"720",80.0438428191251
"721",-105.316895558821
"722",-101.521771128925
"723",202.376147659845
"724",712.493061581713
"725",1105.349055604
"726",1103.82295562671
"727",723.611738129564
"728",253.785590242282
"729",-7.85420658968722
"730",-6.48166308907456
"731",70.3436578099636
"732",30.1248845892104
"733",-101.08119006084
"734",-100.926210305696
"735",202.459886412299
"736",712.504835658162
"737",1105.3507110965
"738",1103.82318839702
"739",723.611770858203
"740",253.785594844088
"741",-7.85420594265088
"742",-6.4816629980981
"743",70.3436578227553
"744",30.124884591009
"745",-116.732699100307
"746",-57.7022151638884
"747",262.562578411662
"748",688.250407578444
"749",932.132403480939
"750",824.868728614343
"751",464.015500110195
"752",118.912715811602
"753",-14.2035083028995
"754",31.4216388945986
"755",70.8701417014303
"756",-10.2131483556584
"757",-121.196694749276
"758",-59.6533527034677
"759",261.70976895625
"760",687.877658885702
"761",931.969481286468
"762",824.797518058899
"763",463.984375172165
"764",118.899111623833
"765",-14.2094544649343
"766",31.4190399270201
"767",70.8690057363431
"768",-10.2136448669231
"769",-62.1514934337552
"770",-29.0890785259087
"771",148.257144387276
"772",385.001987397348
"773",521.8827892939
"774",463.431883008768
"775",262.144575245507
"776",67.4542584948056
"777",-9.88417787340097
"778",13.8933981867103
"779",36.8398793787146
"780",-5.82873033129577
"781",-65.7502403372277
"782",-31.3109996886902
"783",146.885296411845
"784",384.154987558102
"785",521.359838689656
"786",463.109005338894
"787",261.945225653294
"788",67.3311770196118
"789",-9.96017025125218
"790",13.8464793349304
"791",36.8109109648473
"792",-5.84661587133244
"793",-103.348589614251
"794",-77.1324278110466
"795",160.177352767562
"796",486.273847462252
"797",667.96298425589
"798",570.117363228911
"799",278.620121073305
"800",17.8183028691798
"801",-55.7725480772772
"802",17.9858424536111
"803",73.1275436889246
"804",8.26058101066253
"805",-99.6459929288827
"806",-75.4728324149357
"807",160.92122446433
"808",486.60726915199
"809",668.112432102435
"810",570.184349449437
"811",278.650145953851
"812",17.8317607631275
"813",-55.7665159164088
"814",17.988546217282
"815",73.1287555826635
"816",8.26112421140526
"817",-102.607524694757
"818",-107.687550958092
"819",149.989693839004
"820",585.870145498735
"821",914.198967273782
"822",896.801477097611
"823",558.116375288487
"824",159.187313979314
"825",-42.477841383628
"826",-12.4902913152229
"827",70.8621064702165
"828",34.6426531135213
"829",-91.7925115087786
"830",-104.311235933096
"831",151.043738152402
"832",586.199205259564
"833",914.301695712065
"834",896.833547661345
"835",558.126387326783
"836",159.190439615386
"837",-42.476865598222
"838",-12.4899866869371
"839",70.8622015714467
"840",34.6426828029639
"841",-103.894627061691
"842",-90.5348655326185
"843",184.783588232392
"844",614.468187409306
"845",911.80621508803
"846",861.564546330376
"847",513.681069704918
"848",133.503806341564
"849",-41.4218538648995
"850",-0.676284614829435
"851",72.694877865538
"852",23.3557402751074
"853",-99.0215332238918
"854",-89.5181114810543
"855",184.995730422914
"856",614.512450138263
"857",911.815450352217
"858",861.566473236073
"859",513.681471747078
"860",133.50389022626
"861",-41.4218363626499
"862",-0.676280963046036
"863",72.6948786274699
"864",23.3557404340818
"865",-158.857932392546
"866",-175.899526580497
"867",185.304426433827
"868",808.173661933569
"869",1281.04235182693
"870",1256.11147079717
"871",765.918462812078
"872",189.990326832128
"873",-94.338925465066
"874",-35.6598774343019
"875",102.732662071477
"876",61.0844207811665
"877",-124.475871357472
"878",-156.547192451726
"879",196.197107819319
"880",814.304731549065
"881",1284.49329409723
"882",1258.05387290639
"883",767.011765932904
"884",190.605704929347
"885",-93.9925529034919
"886",-35.4649176982412
"887",102.842397376468
"888",61.1461865457535
"889",-192.810337712827
"890",-221.409767904609
"891",315.129049268733
"892",1228.76636417583
"893",1901.44376081299
"894",1830.35379291904
"895",1085.87030129448
"896",241.430223095887
"897",-154.065200122382
"898",-45.9616371790669
"899",162.822160155793
"900",93.7086070006455
"901",-183.465020874058
"902",-220.477783643907
"903",315.221993646883
"904",1228.7756332781
"905",1901.44468519657
"906",1830.35388510543
"907",1085.87031048799
"908",241.430224012732
"909",-154.065200030947
"910",-45.9616371699484
"911",162.822160156703
"912",93.7086070007362
"913",-171.130490055026
"914",-221.206874401141
"915",145.571941022651
"916",843.625823310027
"917",1424.51618184814
"918",1463.51611049027
"919",945.528301851266
"920",275.613974112942
"921",-94.6986679965095
"922",-59.7539676324735
"923",105.896930769072
"924",86.4957073533565
"925",-118.794726683496
"926",-189.540191608534
"927",164.732429653893
"928",855.219217130034
"929",1431.53097060706
"930",1467.76053296881
"931",948.096465027021
"932",277.167886837381
"933",-93.7584455145539
"934",-59.1850693271368
"935",106.241152788888
"936",86.7039849977343
"937",-112.968254315494
"938",-198.403247632219
"939",64.3951147696266
"940",681.845947908503
"941",1283.53551422585
"942",1434.17883347639
"943",1028.0612346591
"944",384.525716096196
"945",-47.2427278517384
"946",-84.902234752758
"947",71.7427121323314
"948",104.273211415359
"949",-62.5299896695123
"950",-174.005624254491
"951",76.1965522429292
"952",687.55445173611
"953",1286.29678936911
"954",1435.514497014
"955",1028.70731192165
"956",384.838231799007
"957",-47.0915600732607
"958",-84.8291129958531
"959",71.7780820463878
"960",104.290320287921
"961",-122.164000491367
"962",-172.507708504579
"963",136.289111037865
"964",777.944230389883
"965",1371.69739031035
"966",1497.97977276649
"967",1074.02536625304
"968",426.507554485889
"969",-8.20486836799307
"970",-63.3527146919645
"971",63.5265855871221
"972",75.9978922474575
"973",-79.3169575623607
"974",-148.350866341348
"975",149.908557874982
"976",785.622772597333
"977",1376.02649494556
"978",1500.42048956354
"979",1075.40142411844
"980",427.283365612855
"981",-7.76747186028867
"982",-63.1061138141193
"983",63.6656173166464
"984",76.0762772961379
"985",-99.2730008604394
"986",-142.947916691163
"987",154.131289027413
"988",774.149212253643
"989",1352.89365027659
"990",1481.31759339418
"991",1071.67149874939
"992",435.462450956269
"993",-1.27601138115449
"994",-67.4926315434122
"995",53.1113789555037
"996",72.7880368770205
"997",-67.7063351010868
"998",-129.258106800476
"999",160.068276363099
"1000",776.72396083712
"1001",1354.01026547101
"1002",1481.80184630354
"1003",1071.88150921799
"1004",435.553528151816
"1005",-1.236513085645
"1006",-67.4755019497879
"1007",53.1188077058826
"1008",72.7912585723743
"1009",-116.225207631997
"1010",-118.955112597225
"1011",198.038010097392
"1012",759.075993929938
"1013",1223.18051608191
"1014",1268.75121540888
"1015",878.252843156133
"1016",348.844374692625
"1017",20.5192032846465
"1018",-12.9968442121971
"1019",64.9550795671746
"1020",35.446041238023
"1021",-99.3221216714249
"1022",-110.894570290909
"1023",201.881825506215
"1024",760.908986839798
"1025",1224.05461190865
"1026",1269.1680438157
"1027",878.451615322082
"1028",348.939162795619
"1029",20.5644047062153
"1030",-12.9752890966572
"1031",64.9653585139381
"1032",35.4509429397267
"1033",-150.940788849069
"1034",-236.818141146116
"1035",179.93641994732
"1036",1018.99914309534
"1037",1739.79060776279
"1038",1812.35484022392
"1039",1197.74703246232
"1040",378.208641796876
"1041",-89.5702583593029
"1042",-60.7055190902651
"1043",139.51716678304
"1044",120.35384121495
"1045",-132.603720411236
"1046",-234.024311921395
"1047",180.362086774237
"1048",1019.06399754168
"1049",1739.80048896317
"1050",1812.35634572009
"1051",1197.74726183919
"1052",378.208676744653
"1053",-89.570253034672
"1054",-60.7055182790062
"1055",139.517166906643
"1056",120.353841233782
"1057",-148.118732976194
"1058",-194.789394229141
"1059",218.499680685189
"1060",988.44322778284
"1061",1623.72023081707
"1062",1667.96262054554
"1063",1108.9269628544
"1064",382.25115816295
"1065",-31.1088459833308
"1066",-19.9933546294033
"1067",126.77585093445
"1068",83.6284873588828
"1069",-138.274341042104
"1070",-193.630554034698
"1071",218.636094453073
"1072",988.459285834811
"1073",1623.72212110305
"1074",1667.96284306201
"1075",1108.9269890481
"1076",382.251161246361
"1077",-31.1088456203646
"1078",-19.9933545866764
"1079",126.775850939479
"1080",83.6284873594749
"1081",-130.466314186156
"1082",-127.792602537853
"1083",279.020800409821
"1084",978.667138616448
"1085",1541.04282911291
"1086",1577.51508392395
"1087",1083.18210212471
"1088",433.329415735994
"1089",40.0440774162181
"1090",3.83679736559986
"1091",91.5799643829338
"1092",41.8033241344442
"1093",-127.285733727341
"1094",-127.550610010597
"1095",279.039212263886
"1096",978.668539471152
"1097",1541.04293569609
"1098",1577.51509203326
"1099",1083.1821027417
"1100",433.329415782938
"1101",40.0440774197897
"1102",3.8367973658716
"1103",91.5799643829544
"1104",41.8033241344457
"1105",-215.481562812588
"1106",-165.420824840308
"1107",434.239697249398
"1108",1356.67579018009
"1109",2005.33434576367
"1110",1926.21257943541
"1111",1210.35506198757
"1112",399.754039946417
"1113",-8.02586824701879
"1114",26.4719581391583
"1115",143.832818299615
"1116",32.2468979708546
"1117",-208.578413325769
"1118",-163.94305563347
"1119",434.556045871552
"1120",1356.74351147938
"1121",2005.34884297989
"1122",1926.21568287968
"1123",1210.35572634728
"1124",399.754182167054
"1125",-8.02583780159983
"1126",26.471964656662
"1127",143.832819694829
"1128",32.2468982695303
"1129",-207.066555632924
"1130",-179.80596417142
"1131",442.409152051834
"1132",1448.48240560108
"1133",2190.93958261154
"1134",2142.00912508006
"1135",1364.50882116696
"1136",445.394196496086
"1137",-40.1287890590077
"1138",-11.6580289353579
"1139",144.554657304742
"1140",57.7225196720629
"1141",-199.194421044487
"1142",-178.732370999629
"1143",442.555567523466
"1144",1448.5023735842
"1145",2190.9423058234
"1146",2142.00949646874
"1147",1364.50887181655
"1148",445.394203403622
"1149",-40.1287881169655
"1150",-11.6580288068832
"1151",144.554657322263
"1152",57.7225196744524
"1153",-213.871684415842
"1154",-202.099344134962
"1155",344.318395575762
"1156",1244.94396119888
"1157",1918.48895233429
"1158",1882.32478605593
"1159",1186.264739726
"1160",360.501165862772
"1161",-69.2845893920045
"1162",-26.6736185056909
"1163",134.074892008185
"1164",65.9831282530962
"1165",-173.649046061612
"1166",-177.580036260236
"1167",359.265114221144
"1168",1254.05532761287
"1169",1924.04314786708
"1170",1885.71056669681
"1171",1188.32867688495
"1172",361.759320790069
"1173",-68.517631050167
"1174",-26.2060885653377
"1175",134.359893465504
"1176",66.1568622189094
"1177",-202.598608558026
"1178",-128.030115815233
"1179",444.264821119277
"1180",1284.87269720904
"1181",1853.13893903494
"1182",1758.14223919421
"1183",1102.49780773365
"1184",377.933593710317
"1185",17.6186564446324
"1186",41.1515231096777
"1187",126.301775800169
"1188",11.3025857270941
"1189",-196.042906366761
"1190",-124.227691108333
"1191",446.470295564244
"1192",1286.15191189502
"1193",1853.8809064681
"1194",1758.57259359672
"1195",1102.74742099628
"1196",378.078373874108
"1197",17.7026315331592
"1198",41.2002301653161
"1199",126.330026764956
"1200",11.318971792746
"1201",-159.190661970731
"1202",-16.1251715613551
"1203",574.803767431697
"1204",1360.4590882151
"1205",1848.12251435533
"1206",1717.88001723976
"1207",1096.60922782807
"1208",431.483432651818
"1209",89.1711897674933
"1210",68.992243501753
"1211",95.4242613869476
"1212",-27.183416500136
"1213",-173.639178241586
"1214",-23.8048398778132
"1215",570.721873876317
"1216",1358.28948214478
"1217",1846.96932639574
"1218",1717.26707533831
"1219",1096.28343724776
"1220",431.310268601583
"1221",89.079149696028
"1222",68.9433224078894
"1223",95.3982588710139
"1224",-27.1972373447142
"1225",-236.958535779444
"1226",2.68839996389435
"1227",822.169948173718
"1228",1836.61932275832
"1229",2401.31186642711
"1230",2152.70742078618
"1231",1317.5617517762
"1232",491.964224932285
"1233",109.296388233815
"1234",111.943575386468
"1235",126.882820932019
"1236",-62.0522942033873
"1237",-244.086566211245
"1238",1.86959352830724
"1239",822.075890778008
"1240",1836.60851825886
"1241",2401.31062529974
"1242",2152.70727821621
"1243",1317.56173539899
"1244",491.964223051013
"1245",109.296388017711
"1246",111.943575361644
"1247",126.882820929167
"1248",-62.0522942037148
"1249",-283.153518988298
"1250",47.0057224323153
"1251",1063.28057620321
"1252",2264.09417830021
"1253",2853.34370334295
"1254",2434.60827741665
"1255",1355.3901366745
"1256",378.739218618364
"1257",4.9171184102303
"1258",98.7838718596572
"1259",161.313874703161
"1260",-62.8165247626372
"1261",-278.24647157599
"1262",46.6223979106607
"1263",1063.31052041947
"1264",2264.09183914361
"1265",2853.34388607118
"1266",2434.60826314244
"1267",1355.39013778956
"1268",378.739218531259
"1269",4.91711841703471
"1270",98.7838718591257
"1271",161.313874703203
"1272",-62.8165247626404
"1273",-268.445444270815
"1274",113.078811895507
"1275",1191.1260807582
"1276",2411.56042072499
"1277",2963.25699078303
"1278",2477.27789239526
"1279",1346.76615883575
"1280",358.675671799981
"1281",-1.12674922572399
"1282",100.842257159624
"1283",153.225999776116
"1284",-79.1204744278713
"1285",-271.014708580301
"1286",112.995380658021
"1287",1191.12337151129
"1288",2411.56033274813
"1289",2963.25698792617
"1290",2477.27789230249
"1291",1346.76615883274
"1292",358.675671799883
"1293",-1.12674922572717
"1294",100.842257159624
"1295",153.225999776116
"1296",-79.1204744278713
"1297",-240.526223569689
"1298",46.5251248085094
"1299",1033.73425911352
"1300",2232.38086385061
"1301",2842.62295710756
"1302",2443.64910478774
"1303",1362.12074428914
"1304",363.969490089286
"1305",-27.4928046290166
"1306",72.0496389750266
"1307",159.320998967925
"1308",-45.1866436445015
"1309",-266.250606955603
"1310",31.880445602158
"1311",1025.39716407651
"1312",2227.6346244365
"1313",2839.92096217095
"1314",2442.11088136484
"1315",1361.24504638657
"1316",363.470962498848
"1317",-27.7766122728365
"1318",71.8880696251338
"1319",159.229018870161
"1320",-45.2390071552188
"1321",-190.269029188021
"1322",34.8541170689471
"1323",841.744233790137
"1324",1856.13922761824
"1325",2418.2653057285
"1326",2145.61319920812
"1327",1266.10324643581
"1328",401.402998323114
"1329",13.8883408741661
"1330",51.7871830908767
"1331",118.484072899282
"1332",-34.853545315105
"1333",-211.705492818969
"1334",21.6697489122354
"1335",833.635267372712
"1336",1851.15185654536
"1337",2415.1978531164
"1338",2143.72658090963
"1339",1264.94289318693
"1340",400.689330029295
"1341",13.4494034780795
"1342",51.5172172827384
"1343",118.318032051057
"1344",-34.9556677411607
"1345",-175.588529614586
"1346",-44.939845855964
"1347",587.414555395807
"1348",1459.06689736649
"1349",2012.86199573553
"1350",1869.69118142359
"1351",1160.73819676178
"1352",399.473675330337
"1353",20.5434467308217
"1354",32.6275745267011
"1355",108.961052145895
"1356",-1.58722647070699
"1357",-176.549215184749
"1358",-45.5213109346732
"1359",587.062617521169
"1360",1458.85388325413
"1361",2012.73306669626
"1362",1869.61314576208
"1363",1160.6909648542
"1364",399.445087719874
"1365",20.5261437779262
"1366",32.6171017318765
"1367",108.954713376316
"1368",-1.5910630778827
"1369",-157.484821908823
"1370",-33.5047720032893
"1371",511.798111526899
"1372",1233.53243469519
"1373",1664.09783342857
"1374",1511.71895423699
"1375",914.631613590266
"1376",306.471468760179
"1377",26.367020671979
"1378",51.8698521231833
"1379",102.460266361569
"1380",-11.6062253263597
"1381",-162.270160670623
"1382",-35.4778051317416
"1383",510.984614318081
"1384",1233.19702334339
"1385",1663.95954066776
"1386",1511.66193503478
"1387",914.608104120923
"1388",306.461775619494
"1389",26.3630241131891
"1390",51.8682043102939
"1391",102.459586955245
"1392",-11.6065054509764
"1393",-177.314968891635
"1394",-29.5494348898013
"1395",557.784862085275
"1396",1298.32228747988
"1397",1705.47210954097
"1398",1508.64163250175
"1399",886.17905845583
"1400",291.49435742395
"1401",44.7263928749567
"1402",86.0678595635444
"1403",117.673329421149
"1404",-29.7862064473316
"1405",-190.900957660034
"1406",-35.7462324290053
"1407",554.958398704766
"1408",1297.03309008545
"1409",1704.88408496819
"1410",1508.3734246232
"1411",886.056724340136
"1412",291.438558780213
"1413",44.7009421768816
"1414",86.0562510729228
"1415",117.66803459371
"1416",-29.7886215070085
"1417",-177.983413923831
"1418",114.386562402083
"1419",896.149711804125
"1420",1730.55964733664
"1421",2057.70185540388
"1422",1674.49820947597
"1423",901.080385087023
"1424",275.67369209349
"1425",78.3654736338458
"1426",142.987299596368
"1427",120.372629586184
"1428",-96.3986360436907
"1429",-230.461424012588
"1430",85.8182998633108
"1431",880.597566760823
"1432",1722.09328662886
"1433",2053.09289223933
"1434",1671.98915721782
"1435",899.714493668636
"1436",274.930120746673
"1437",77.9606842484206
"1438",142.766938164672
"1439",120.252668039938
"1440",-96.4639413580861
"1441",-113.894118873086
"1442",86.527404319038
"1443",755.885488803587
"1444",1636.40690182118
"1445",2202.90594273024
"1446",2091.11002670673
"1447",1406.66257415699
"1448",620.416160545209
"1449",154.344562731028
"1450",56.8679786827581
"1451",66.1400394172856
"1452",-31.958387056469
"1453",-134.898778791138
"1454",72.7220849988405
"1455",746.811938349727
"1456",1630.44330793905
"1457",2198.98636878046
"1458",2088.53388549868
"1459",1404.96940453988
"1460",619.303324283225
"1461",153.613150748748
"1462",56.3872579279643
"1463",65.8240855503976
"1464",-32.1660478345943
"1465",-33.9844514398729
"1466",122.870396926338
"1467",646.210770389253
"1468",1404.95550498474
"1469",1987.26596188014
"1470",2019.42960531652
"1471",1483.67829285356
"1472",732.098959980381
"1473",183.759342869674
"1474",-5.26356450161721
"1475",7.14594210488426
"1476",-0.0199242803942055
"1477",-33.9909147999716
"1478",122.868300237125
"1479",646.210090231319
"1480",1404.95528434411
"1481",1987.26589030517
"1482",2019.42958209787
"1483",1483.67828532152
"1484",732.098957537016
"1485",183.759342077056
"1486",-5.2635647587395
"1487",7.14594202147478
"1488",-0.0199243074519219
"1489",-12.6245489953081
"1490",71.2962724151563
"1491",508.99465307375
"1492",1252.8652276009
"1493",1918.56444946962
"1494",2074.75309122241
"1495",1611.75906940087
"1496",838.793781974185
"1497",215.947217420558
"1498",-22.067310065123
"1499",3.37351899535155
"1500",32.4782940298797
"1501",-10.3736659367288
"1502",71.4522681253601
"1503",509.005464235844
"1504",1252.86597686013
"1505",1918.56450139645
"1506",2074.75309482116
"1507",1611.75906965028
"1508",838.79378199147
"1509",215.947217421756
"1510",-22.06731006504
"1511",3.3735189953573
"1512",32.4782940298801
"1513",-122.210740680778
"1514",53.8787539448099
"1515",770.773231027567
"1516",1790.50461567802
"1517",2508.87210478108
"1518",2449.1611797045
"1519",1674.26792647419
"1520",722.979474264096
"1521",134.456912976129
"1522",19.5044436298472
"1523",77.7696216552307
"1524",9.37645427371067
"1525",-120.459177206451
"1526",54.2059538132291
"1527",770.834353422194
"1528",1790.51603361392
"1529",2508.87423770243
"1530",2449.16157814372
"1531",1674.26800090442
"1532",722.979488167994
"1533",134.456915573439
"1534",19.5044441150363
"1535",77.7696217458661
"1536",9.37645429064179
"1537",-130.484761883563
"1538",142.576355193468
"1539",1000.33277339757
"1540",2090.88746748046
"1541",2742.88946350376
"1542",2522.95577810904
"1543",1609.54371049166
"1544",625.065594385152
"1545",91.1349441729205
"1546",30.7942910202757
"1547",82.2584621429474
"1548",-26.2537114037197
"1549",-145.740339692883
"1550",133.711602674583
"1551",995.181618967155
"1552",2087.89422069669
"1553",2741.15013954647
"1554",2521.94508702777
"1555",1608.95641537767
"1556",624.724327347866
"1557",90.9366397975497
"1558",30.6790597761336
"1559",82.1915032591522
"1560",-26.2926200534742
"1561",-185.025455138522
"1562",211.227976608328
"1563",1276.28552549076
"1564",2530.6280047689
"1565",3176.91698186397
"1566",2783.54452034478
"1567",1657.69453786109
"1568",561.373805571811
"1569",46.8824145629482
"1570",50.2852593558689
"1571",110.335857300068
"1572",-47.5983122950824
"1573",-179.406237328763
"1574",210.56459996174
"1575",1276.36384040755
"1576",2530.61875930295
"1577",3176.91807333727
"1578",2783.54439149093
"1579",1657.69455307293
"1580",561.373803775978
"1581",46.8824147749552
"1582",50.2852593308404
"1583",110.335857303023
"1584",-47.5983122954312
"1585",-198.270348930847
"1586",307.587932583516
"1587",1458.78864277118
"1588",2672.14835143827
"1589",3172.39087111345
"1590",2647.15402704512
"1591",1508.92508189034
"1592",512.762165633944
"1593",103.906383967294
"1594",120.15976472164
"1595",107.096622150177
"1596",-110.10284205855
"1597",-201.48965818807
"1598",307.493802841723
"1599",1458.78589050118
"1600",2672.14827096435
"1601",3172.39086876046
"1602",2647.15402697632
"1603",1508.92508188833
"1604",512.762165633885
"1605",103.906383967292
"1606",120.15976472164
"1607",107.096622150177
"1608",-110.10284205855
"1609",-223.646191704724
"1610",111.595204394946
"1611",1144.4131584524
"1612",2384.86683059298
"1613",3038.98936596538
"1614",2677.41798722789
"1615",1602.8971785048
"1616",562.827685803622
"1617",89.3827505605023
"1618",103.386653445027
"1619",141.553617439974
"1620",-59.8448766140801
"1621",-240.813445620308
"1622",106.670562158607
"1623",1143.00046302219
"1624",2384.46158117936
"1625",3038.87311508516
"1626",2677.38463920394
"1627",1602.88761220561
"1628",562.824941590641
"1629",89.3819633485687
"1630",103.386427623404
"1631",141.553552660208
"1632",-59.8448951969691
"1633",-194.228074470818
"1634",66.6078619497271
"1635",1007.86048876101
"1636",2247.15028289117
"1637",3021.38096818873
"1638",2820.44041365143
"1639",1825.96551785621
"1640",734.692787428198
"1641",141.441314977431
"1642",77.2990368986229
"1643",129.159971768917
"1644",-19.2934648709464
"1645",-200.412556193452
"1646",64.6254386559621
"1647",1007.22502692413
"1648",2246.9465868655
"1649",3021.31567383356
"1650",2820.41948367598
"1651",1825.95880879428
"1652",734.690636851764
"1653",141.44062561444
"1654",77.2988159246897
"1655",129.159900936163
"1656",-19.2934875762446
"1657",-190.45112616458
"1658",-1.3157805201916
"1659",799.810396883821
"1660",1911.24926504816
"1661",2661.39872395872
"1662",2561.21070096541
"1663",1722.84041868958
"1664",744.13429550105
"1665",175.180013646812
"1666",83.0490233541729
"1667",119.198076866773
"1668",-13.9113209554903
"1669",-195.236051174353
"1670",-2.96159887363265
"1671",799.244302734593
"1672",1911.05455183141
"1673",2661.33175058188
"1674",2561.18766486504
"1675",1722.83249521393
"1676",744.131570149741
"1677",175.179076237512
"1678",83.0487009237424
"1679",119.197965963902
"1680",-13.9113591015385
"1681",-100.936849985694
"1682",98.7997238265995
"1683",730.946563732014
"1684",1564.70693772332
"1685",2125.35876083967
"1686",2069.91188476183
"1687",1470.01485955701
"1688",734.88100060246
"1689",252.501203153503
"1690",94.2588571384446
"1691",53.4196798507769
"1692",-50.4945159307836
"1693",-132.021680425469
"1694",79.6636520045812
"1695",719.166243891218
"1696",1557.45487800897
"1697",2120.89433450734
"1698",2067.16354797726
"1699",1468.32296131093
"1700",733.839454424007
"1701",251.860018942592
"1702",93.8641389772852
"1703",53.1766881736617
"1704",-50.6441035630674
"1705",-54.4579678745772
"1706",-20.9926093967429
"1707",270.780464529544
"1708",792.126089078013
"1709",1282.77665337751
"1710",1439.51540081094
"1711",1169.49064276522
"1712",665.889653010205
"1713",235.350921261464
"1714",44.099571492204
"1715",22.5452326098366
"1716",4.76466819450405
"1717",-55.3405092489967
"1718",-20.8291396133778
"1719",270.750185643083
"1720",792.131697521032
"1721",1282.77561454693
"1722",1439.51559322958
"1723",1169.49060712425
"1724",665.889659611847
"1725",235.350920038667
"1726",44.0995717186981
"1727",22.545232567884
"1728",4.76466820227478
"1729",-68.5746704613882
"1730",-127.848018133684
"1731",67.1032009026558
"1732",582.722084133893
"1733",1224.1955355727
"1734",1641.80866932576
"1735",1602.38143706345
"1736",1173.02583427348
"1737",646.615625965912
"1738",285.482773000129
"1739",129.845024087666
"1740",43.5771100931558
"1741",-71.4863217635881
"1742",-127.96661023769
"1743",67.0983706240019
"1744",582.721887395737
"1745",1224.19552755952
"1746",1641.80866899939
"1747",1602.38143705016
"1748",1173.02583427293
"1749",646.61562596589
"1750",285.482773000128
"1751",129.845024087666
"1752",43.5771100931558
