ts,data
2001-04-01 01:00:00,0
2001-04-01 01:05:00,0
2001-04-01 01:10:00,0
2001-04-01 01:15:00,0
2001-04-01 01:20:00,0
2001-04-01 01:25:00,0
2001-04-01 01:30:00,0
2001-04-01 01:35:00,0
2001-04-01 01:40:00,0
2001-04-01 01:45:00,0
2001-04-01 01:50:00,0
2001-04-01 01:55:00,0
2001-04-01 02:00:00,0
2001-04-01 02:05:00,0
2001-04-01 02:10:00,0
2001-04-01 02:15:00,0
2001-04-01 02:20:00,0
2001-04-01 02:25:00,0
2001-04-01 02:30:00,0
2001-04-01 02:35:00,0
2001-04-01 02:40:00,0
2001-04-01 02:45:00,0
2001-04-01 02:50:00,0
2001-04-01 02:55:00,0
2001-04-01 03:00:00,0
2001-04-01 03:05:00,0
2001-04-01 03:10:00,0
2001-04-01 03:15:00,0
2001-04-01 03:20:00,0
2001-04-01 03:25:00,0
2001-04-01 03:30:00,0
2001-04-01 03:35:00,0
2001-04-01 03:40:00,0
2001-04-01 03:45:00,0
2001-04-01 03:50:00,0
2001-04-01 03:55:00,0
2001-04-01 04:00:00,0
2001-04-01 04:05:00,0
2001-04-01 04:10:00,0
2001-04-01 04:15:00,0
2001-04-01 04:20:00,0
2001-04-01 04:25:00,0
2001-04-01 04:30:00,0
2001-04-01 04:35:00,0
2001-04-01 04:40:00,0
2001-04-01 04:45:00,0
2001-04-01 04:50:00,0
2001-04-01 04:55:00,0
2001-04-01 05:00:00,0
2001-04-01 05:05:00,0
2001-04-01 05:10:00,0
2001-04-01 05:15:00,0
2001-04-01 05:20:00,0
2001-04-01 05:25:00,0
2001-04-01 05:30:00,0
2001-04-01 05:35:00,0
2001-04-01 05:40:00,0
2001-04-01 05:45:00,0
2001-04-01 05:50:00,0
2001-04-01 05:55:00,0
2001-04-01 06:00:00,0
2001-04-01 06:05:00,0
2001-04-01 06:10:00,0
2001-04-01 06:15:00,0
2001-04-01 06:20:00,0
2001-04-01 06:25:00,0
2001-04-01 06:30:00,0
2001-04-01 06:35:00,0
2001-04-01 06:40:00,0
2001-04-01 06:45:00,0
2001-04-01 06:50:00,0
2001-04-01 06:55:00,0
2001-04-01 07:00:00,0
2001-04-01 07:05:00,0
2001-04-01 07:10:00,0
2001-04-01 07:15:00,0
2001-04-01 07:20:00,0
2001-04-01 07:25:00,0
2001-04-01 07:30:00,0
2001-04-01 07:35:00,0
2001-04-01 07:40:00,0
2001-04-01 07:45:00,0
2001-04-01 07:50:00,0
2001-04-01 07:55:00,0
2001-04-01 08:00:00,0
2001-04-01 08:05:00,0
2001-04-01 08:10:00,0
2001-04-01 08:15:00,0
2001-04-01 08:20:00,0
2001-04-01 08:25:00,0
2001-04-01 08:30:00,0
2001-04-01 08:35:00,0
2001-04-01 08:40:00,0
2001-04-01 08:45:00,0
2001-04-01 08:50:00,0
2001-04-01 08:55:00,0
2001-04-01 09:00:00,0
2001-04-01 09:05:00,0
2001-04-01 09:10:00,0
2001-04-01 09:15:00,0
2001-04-01 09:20:00,0
2001-04-01 09:25:00,0
2001-04-01 09:30:00,0
2001-04-01 09:35:00,66
2001-04-01 09:40:00,66
2001-04-01 09:45:00,71
2001-04-01 09:50:00,71
2001-04-01 09:55:00,77
2001-04-01 10:00:00,90
2001-04-01 10:05:00,93
2001-04-01 10:10:00,108
2001-04-01 10:15:00,105
2001-04-01 10:20:00,120
2001-04-01 10:25:00,124.8
2001-04-01 10:30:00,156
2001-04-01 10:35:00,174
2001-04-01 10:40:00,205.2
2001-04-01 10:45:00,227
2001-04-01 10:50:00,233.2
2001-04-01 10:55:00,251.4
2001-04-01 11:00:00,293.4
2001-04-01 11:05:00,346.8
2001-04-01 11:10:00,359.4
2001-04-01 11:15:00,449.2
2001-04-01 11:20:00,277.2
2001-04-01 11:25:00,210.8
2001-04-01 11:30:00,226.2
2001-04-01 11:35:00,237.6
2001-04-01 11:40:00,211
2001-04-01 11:45:00,249.6
2001-04-01 11:50:00,258
2001-04-01 11:55:00,288.2
2001-04-01 12:00:00,332.6
2001-04-01 12:05:00,309
2001-04-01 12:10:00,303
2001-04-01 12:15:00,382.6
2001-04-01 12:20:00,435.2
2001-04-01 12:25:00,416.4
2001-04-01 12:30:00,416
2001-04-01 12:35:00,386.4
2001-04-01 12:40:00,379.2
2001-04-01 12:45:00,345.4
2001-04-01 12:50:00,357.6
2001-04-01 12:55:00,392.2
2001-04-01 13:00:00,439.2
2001-04-01 13:05:00,341.6
2001-04-01 13:10:00,333.4
2001-04-01 13:15:00,350.6
2001-04-01 13:20:00,396
2001-04-01 13:25:00,421.8
2001-04-01 13:30:00,482.4
2001-04-01 13:35:00,517.6
2001-04-01 13:40:00,426.4
2001-04-01 13:45:00,386
2001-04-01 13:50:00,340
2001-04-01 13:55:00,346
2001-04-01 14:00:00,358
2001-04-01 14:05:00,386.6
2001-04-01 14:10:00,316
2001-04-01 14:15:00,297.6
2001-04-01 14:20:00,342.4
2001-04-01 14:25:00,307
2001-04-01 14:30:00,279
2001-04-01 14:35:00,294
2001-04-01 14:40:00,292.2
2001-04-01 14:45:00,284
2001-04-01 14:50:00,309.6
2001-04-01 14:55:00,313.8
2001-04-01 15:00:00,336.6
2001-04-01 15:05:00,353.6
2001-04-01 15:10:00,344
2001-04-01 15:15:00,308
2001-04-01 15:20:00,277.2
2001-04-01 15:25:00,250
2001-04-01 15:30:00,205.8
2001-04-01 15:35:00,176.4
2001-04-01 15:40:00,178
2001-04-01 15:45:00,200
2001-04-01 15:50:00,208.4
2001-04-01 15:55:00,252
2001-04-01 16:00:00,246
2001-04-01 16:05:00,221.6
2001-04-01 16:10:00,178
2001-04-01 16:15:00,146.6
2001-04-01 16:20:00,135
2001-04-01 16:25:00,120
2001-04-01 16:30:00,122
2001-04-01 16:35:00,126
2001-04-01 16:40:00,128
2001-04-01 16:45:00,108
2001-04-01 16:50:00,97
2001-04-01 16:55:00,95
2001-04-01 17:00:00,92
2001-04-01 17:05:00,88
2001-04-01 17:10:00,80.8
2001-04-01 17:15:00,73.6
2001-04-01 17:20:00,68
2001-04-01 17:25:00,69
2001-04-01 17:30:00,64
2001-04-01 17:35:00,65
2001-04-01 17:40:00,66
2001-04-01 17:45:00,64
2001-04-01 17:50:00,64
2001-04-01 17:55:00,65
2001-04-01 18:00:00,62
2001-04-01 18:05:00,61
2001-04-01 18:10:00,60
2001-04-01 18:15:00,58
2001-04-01 18:20:00,57
2001-04-01 18:25:00,58
2001-04-01 18:30:00,60
2001-04-01 18:35:00,60
2001-04-01 18:40:00,60
2001-04-01 18:45:00,60
2001-04-01 18:50:00,60
2001-04-01 18:55:00,60
2001-04-01 19:00:00,0
2001-04-01 19:05:00,0
2001-04-01 19:10:00,0
2001-04-01 19:15:00,0
2001-04-01 19:20:00,0
2001-04-01 19:25:00,0
2001-04-01 19:30:00,0
2001-04-01 19:35:00,0
2001-04-01 19:40:00,0
2001-04-01 19:45:00,0
2001-04-01 19:50:00,0
2001-04-01 19:55:00,0
2001-04-01 20:00:00,0
2001-04-01 20:05:00,0
2001-04-01 20:10:00,0
2001-04-01 20:15:00,0
2001-04-01 20:20:00,0
2001-04-01 20:25:00,0
2001-04-01 20:30:00,0
2001-04-01 20:35:00,0
2001-04-01 20:40:00,0
2001-04-01 20:45:00,0
2001-04-01 20:50:00,0
2001-04-01 20:55:00,0
2001-04-01 21:00:00,0
2001-04-01 21:05:00,0
2001-04-01 21:10:00,0
2001-04-01 21:15:00,0
2001-04-01 21:20:00,0
2001-04-01 21:25:00,0
2001-04-01 21:30:00,0
2001-04-01 21:35:00,0
2001-04-01 21:40:00,0
2001-04-01 21:45:00,0
2001-04-01 21:50:00,0
2001-04-01 21:55:00,0
2001-04-01 22:00:00,0
2001-04-01 22:05:00,0
2001-04-01 22:10:00,0
2001-04-01 22:15:00,0
2001-04-01 22:20:00,0
2001-04-01 22:25:00,0
2001-04-01 22:30:00,0
2001-04-01 22:35:00,0
2001-04-01 22:40:00,0
2001-04-01 22:45:00,0
2001-04-01 22:50:00,0
2001-04-01 22:55:00,0
2001-04-01 23:00:00,0
2001-04-01 23:05:00,0
2001-04-01 23:10:00,0
2001-04-01 23:15:00,0
2001-04-01 23:20:00,0
2001-04-01 23:25:00,0
2001-04-01 23:30:00,0
2001-04-01 23:35:00,0
2001-04-01 23:40:00,0
2001-04-01 23:45:00,0
2001-04-01 23:50:00,0
2001-04-01 23:55:00,0
2001-04-02 00:00:00,0
2001-04-02 00:05:00,0
2001-04-02 00:10:00,0
2001-04-02 00:15:00,0
2001-04-02 00:20:00,0
2001-04-02 00:25:00,0
2001-04-02 00:30:00,0
2001-04-02 00:35:00,0
2001-04-02 00:40:00,0
2001-04-02 00:45:00,0
2001-04-02 00:50:00,0
2001-04-02 00:55:00,0
2001-04-02 01:00:00,0
2001-04-02 01:05:00,0
2001-04-02 01:10:00,0
2001-04-02 01:15:00,0
2001-04-02 01:20:00,0
2001-04-02 01:25:00,0
2001-04-02 01:30:00,0
2001-04-02 01:35:00,0
2001-04-02 01:40:00,0
2001-04-02 01:45:00,0
2001-04-02 01:50:00,0
2001-04-02 01:55:00,0
2001-04-02 02:00:00,0
2001-04-02 02:05:00,0
2001-04-02 02:10:00,0
2001-04-02 02:15:00,0
2001-04-02 02:20:00,0
2001-04-02 02:25:00,0
2001-04-02 02:30:00,0
2001-04-02 02:35:00,0
2001-04-02 02:40:00,0
2001-04-02 02:45:00,0
2001-04-02 02:50:00,0
2001-04-02 02:55:00,0
2001-04-02 03:00:00,0
2001-04-02 03:05:00,0
2001-04-02 03:10:00,0
2001-04-02 03:15:00,0
2001-04-02 03:20:00,0
2001-04-02 03:25:00,0
2001-04-02 03:30:00,0
2001-04-02 03:35:00,0
2001-04-02 03:40:00,0
2001-04-02 03:45:00,0
2001-04-02 03:50:00,0
2001-04-02 03:55:00,0
2001-04-02 04:00:00,0
2001-04-02 04:05:00,0
2001-04-02 04:10:00,0
2001-04-02 04:15:00,0
2001-04-02 04:20:00,0
2001-04-02 04:25:00,0
2001-04-02 04:30:00,0
2001-04-02 04:35:00,0
2001-04-02 04:40:00,0
2001-04-02 04:45:00,0
2001-04-02 04:50:00,0
2001-04-02 04:55:00,0
2001-04-02 05:00:00,0
2001-04-02 05:05:00,0
2001-04-02 05:10:00,0
2001-04-02 05:15:00,0
2001-04-02 05:20:00,0
2001-04-02 05:25:00,0
2001-04-02 05:30:00,0
2001-04-02 05:35:00,0
2001-04-02 05:40:00,0
2001-04-02 05:45:00,0
2001-04-02 05:50:00,0
2001-04-02 05:55:00,0
2001-04-02 06:00:00,0
2001-04-02 06:05:00,0
2001-04-02 06:10:00,0
2001-04-02 06:15:00,0
2001-04-02 06:20:00,0
2001-04-02 06:25:00,0
2001-04-02 06:30:00,0
2001-04-02 06:35:00,0
2001-04-02 06:40:00,0
2001-04-02 06:45:00,0
2001-04-02 06:50:00,0
2001-04-02 06:55:00,0
2001-04-02 07:00:00,0
2001-04-02 07:05:00,0
2001-04-02 07:10:00,0
2001-04-02 07:15:00,0
2001-04-02 07:20:00,0
2001-04-02 07:25:00,0
2001-04-02 07:30:00,0
2001-04-02 07:35:00,0
2001-04-02 07:40:00,0
2001-04-02 07:45:00,0
2001-04-02 07:50:00,0
2001-04-02 07:55:00,0
2001-04-02 08:00:00,0
2001-04-02 08:05:00,0
2001-04-02 08:10:00,0
2001-04-02 08:15:00,0
2001-04-02 08:20:00,0
2001-04-02 08:25:00,0
2001-04-02 08:30:00,0
2001-04-02 08:35:00,0
2001-04-02 08:40:00,0
2001-04-02 08:45:00,0
2001-04-02 08:50:00,0
2001-04-02 08:55:00,0
2001-04-02 09:00:00,0
2001-04-02 09:05:00,0
2001-04-02 09:10:00,0
2001-04-02 09:15:00,0
2001-04-02 09:20:00,0
2001-04-02 09:25:00,0
2001-04-02 09:30:00,0
2001-04-02 09:35:00,0
2001-04-02 09:40:00,0
2001-04-02 09:45:00,0
2001-04-02 09:50:00,0
2001-04-02 09:55:00,0
2001-04-02 10:00:00,58
2001-04-02 10:05:00,81
2001-04-02 10:10:00,85
2001-04-02 10:15:00,85
2001-04-02 10:20:00,86
2001-04-02 10:25:00,88
2001-04-02 10:30:00,90
2001-04-02 10:35:00,88
2001-04-02 10:40:00,103
2001-04-02 10:45:00,106
2001-04-02 10:50:00,115
2001-04-02 10:55:00,104
2001-04-02 11:00:00,101
2001-04-02 11:05:00,94
2001-04-02 11:10:00,90
2001-04-02 11:15:00,90
2001-04-02 11:20:00,89
2001-04-02 11:25:00,93
2001-04-02 11:30:00,110
2001-04-02 11:35:00,108
2001-04-02 11:40:00,96
2001-04-02 11:45:00,111
2001-04-02 11:50:00,154.8
2001-04-02 11:55:00,202.4
2001-04-02 12:00:00,240
2001-04-02 12:05:00,205
2001-04-02 12:10:00,167.2
2001-04-02 12:15:00,184
2001-04-02 12:20:00,164
2001-04-02 12:25:00,140
2001-04-02 12:30:00,135.6
2001-04-02 12:35:00,125
2001-04-02 12:40:00,122
2001-04-02 12:45:00,129
2001-04-02 12:50:00,146
2001-04-02 12:55:00,166
2001-04-02 13:00:00,170
2001-04-02 13:05:00,166
2001-04-02 13:10:00,156
2001-04-02 13:15:00,133.6
2001-04-02 13:20:00,132.8
2001-04-02 13:25:00,122
2001-04-02 13:30:00,129
2001-04-02 13:35:00,128
2001-04-02 13:40:00,159
2001-04-02 13:45:00,185.2
2001-04-02 13:50:00,229.6
2001-04-02 13:55:00,233
2001-04-02 14:00:00,218.8
2001-04-02 14:05:00,182.6
2001-04-02 14:10:00,163
2001-04-02 14:15:00,154
2001-04-02 14:20:00,142
2001-04-02 14:25:00,151
2001-04-02 14:30:00,141
2001-04-02 14:35:00,138
2001-04-02 14:40:00,150
2001-04-02 14:45:00,142
2001-04-02 14:50:00,140
2001-04-02 14:55:00,132
2001-04-02 15:00:00,124.8
2001-04-02 15:05:00,148
2001-04-02 15:10:00,201
2001-04-02 15:15:00,180.8
2001-04-02 15:20:00,174.4
2001-04-02 15:25:00,206.4
2001-04-02 15:30:00,187.2
2001-04-02 15:35:00,153
2001-04-02 15:40:00,146
2001-04-02 15:45:00,160
2001-04-02 15:50:00,204.4
2001-04-02 15:55:00,190.4
2001-04-02 16:00:00,158.4
2001-04-02 16:05:00,166
2001-04-02 16:10:00,179.4
2001-04-02 16:15:00,176.4
2001-04-02 16:20:00,170
2001-04-02 16:25:00,173
2001-04-02 16:30:00,161
2001-04-02 16:35:00,135.2
2001-04-02 16:40:00,116
2001-04-02 16:45:00,112
2001-04-02 16:50:00,111
2001-04-02 16:55:00,106
2001-04-02 17:00:00,97
2001-04-02 17:05:00,87
2001-04-02 17:10:00,82
2001-04-02 17:15:00,78
2001-04-02 17:20:00,70.8
2001-04-02 17:25:00,72
2001-04-02 17:30:00,66
2001-04-02 17:35:00,64.8
2001-04-02 17:40:00,60.4
2001-04-02 17:45:00,60
2001-04-02 17:50:00,59
2001-04-02 17:55:00,58
2001-04-02 18:00:00,57
2001-04-02 18:05:00,58
2001-04-02 18:10:00,56
2001-04-02 18:15:00,57
2001-04-02 18:20:00,58
2001-04-02 18:25:00,60
2001-04-02 18:30:00,59
2001-04-02 18:35:00,56
2001-04-02 18:40:00,56
2001-04-02 18:45:00,59
2001-04-02 18:50:00,55
2001-04-02 18:55:00,55
2001-04-02 19:00:00,0
2001-04-02 19:05:00,0
2001-04-02 19:10:00,0
2001-04-02 19:15:00,0
2001-04-02 19:20:00,0
2001-04-02 19:25:00,0
2001-04-02 19:30:00,0
2001-04-02 19:35:00,0
2001-04-02 19:40:00,0
2001-04-02 19:45:00,0
2001-04-02 19:50:00,0
2001-04-02 19:55:00,0
2001-04-02 20:00:00,0
2001-04-02 20:05:00,0
2001-04-02 20:10:00,0
2001-04-02 20:15:00,0
2001-04-02 20:20:00,0
2001-04-02 20:25:00,0
2001-04-02 20:30:00,0
2001-04-02 20:35:00,0
2001-04-02 20:40:00,0
2001-04-02 20:45:00,0
2001-04-02 20:50:00,0
2001-04-02 20:55:00,0
2001-04-02 21:00:00,0
2001-04-02 21:05:00,0
2001-04-02 21:10:00,0
2001-04-02 21:15:00,0
2001-04-02 21:20:00,0
2001-04-02 21:25:00,0
2001-04-02 21:30:00,0
2001-04-02 21:35:00,0
2001-04-02 21:40:00,0
2001-04-02 21:45:00,0
2001-04-02 21:50:00,0
2001-04-02 21:55:00,0
2001-04-02 22:00:00,0
2001-04-02 22:05:00,0
2001-04-02 22:10:00,0
2001-04-02 22:15:00,0
2001-04-02 22:20:00,0
2001-04-02 22:25:00,0
2001-04-02 22:30:00,0
2001-04-02 22:35:00,0
2001-04-02 22:40:00,0
2001-04-02 22:45:00,0
2001-04-02 22:50:00,0
2001-04-02 22:55:00,0
2001-04-02 23:00:00,0
2001-04-02 23:05:00,0
2001-04-02 23:10:00,0
2001-04-02 23:15:00,0
2001-04-02 23:20:00,0
2001-04-02 23:25:00,0
2001-04-02 23:30:00,0
2001-04-02 23:35:00,0
2001-04-02 23:40:00,0
2001-04-02 23:45:00,0
2001-04-02 23:50:00,0
2001-04-02 23:55:00,0
2001-04-03 00:00:00,0
2001-04-03 00:05:00,0
2001-04-03 00:10:00,0
2001-04-03 00:15:00,0
2001-04-03 00:20:00,0
2001-04-03 00:25:00,0
2001-04-03 00:30:00,0
2001-04-03 00:35:00,0
2001-04-03 00:40:00,0
2001-04-03 00:45:00,0
2001-04-03 00:50:00,0
2001-04-03 00:55:00,0
2001-04-03 01:00:00,0
2001-04-03 01:05:00,0
2001-04-03 01:10:00,0
2001-04-03 01:15:00,0
2001-04-03 01:20:00,0
2001-04-03 01:25:00,0
2001-04-03 01:30:00,0
2001-04-03 01:35:00,0
2001-04-03 01:40:00,0
2001-04-03 01:45:00,0
2001-04-03 01:50:00,0
2001-04-03 01:55:00,0
2001-04-03 02:00:00,0
2001-04-03 02:05:00,0
2001-04-03 02:10:00,0
2001-04-03 02:15:00,0
2001-04-03 02:20:00,0
2001-04-03 02:25:00,0
2001-04-03 02:30:00,0
2001-04-03 02:35:00,0
2001-04-03 02:40:00,0
2001-04-03 02:45:00,0
2001-04-03 02:50:00,0
2001-04-03 02:55:00,0
2001-04-03 03:00:00,0
2001-04-03 03:05:00,0
2001-04-03 03:10:00,0
2001-04-03 03:15:00,0
2001-04-03 03:20:00,0
2001-04-03 03:25:00,0
2001-04-03 03:30:00,0
2001-04-03 03:35:00,0
2001-04-03 03:40:00,0
2001-04-03 03:45:00,0
2001-04-03 03:50:00,0
2001-04-03 03:55:00,0
2001-04-03 04:00:00,0
2001-04-03 04:05:00,0
2001-04-03 04:10:00,0
2001-04-03 04:15:00,0
2001-04-03 04:20:00,0
2001-04-03 04:25:00,0
2001-04-03 04:30:00,0
2001-04-03 04:35:00,0
2001-04-03 04:40:00,0
2001-04-03 04:45:00,0
2001-04-03 04:50:00,0
2001-04-03 04:55:00,0
2001-04-03 05:00:00,0
2001-04-03 05:05:00,0
2001-04-03 05:10:00,0
2001-04-03 05:15:00,0
2001-04-03 05:20:00,0
2001-04-03 05:25:00,0
2001-04-03 05:30:00,0
2001-04-03 05:35:00,0
2001-04-03 05:40:00,0
2001-04-03 05:45:00,0
2001-04-03 05:50:00,0
2001-04-03 05:55:00,0
2001-04-03 06:00:00,0
2001-04-03 06:05:00,0
2001-04-03 06:10:00,0
2001-04-03 06:15:00,0
2001-04-03 06:20:00,0
2001-04-03 06:25:00,0
2001-04-03 06:30:00,0
2001-04-03 06:35:00,0
2001-04-03 06:40:00,0
2001-04-03 06:45:00,0
2001-04-03 06:50:00,0
2001-04-03 06:55:00,0
2001-04-03 07:00:00,0
2001-04-03 07:05:00,0
2001-04-03 07:10:00,0
2001-04-03 07:15:00,0
2001-04-03 07:20:00,0
2001-04-03 07:25:00,0
2001-04-03 07:30:00,0
2001-04-03 07:35:00,0
2001-04-03 07:40:00,0
2001-04-03 07:45:00,0
2001-04-03 07:50:00,0
2001-04-03 07:55:00,0
2001-04-03 08:00:00,0
2001-04-03 08:05:00,0
2001-04-03 08:10:00,0
2001-04-03 08:15:00,0
2001-04-03 08:20:00,0
2001-04-03 08:25:00,0
2001-04-03 08:30:00,0
2001-04-03 08:35:00,0
2001-04-03 08:40:00,0
2001-04-03 08:45:00,0
2001-04-03 08:50:00,0
2001-04-03 08:55:00,0
2001-04-03 09:00:00,0
2001-04-03 09:05:00,0
2001-04-03 09:10:00,0
2001-04-03 09:15:00,0
2001-04-03 09:20:00,0
2001-04-03 09:25:00,0
2001-04-03 09:30:00,0
2001-04-03 09:35:00,68
2001-04-03 09:40:00,73
2001-04-03 09:45:00,81
2001-04-03 09:50:00,81
2001-04-03 09:55:00,81
2001-04-03 10:00:00,84
2001-04-03 10:05:00,94
2001-04-03 10:10:00,100
2001-04-03 10:15:00,103
2001-04-03 10:20:00,112
2001-04-03 10:25:00,126
2001-04-03 10:30:00,132
2001-04-03 10:35:00,140
2001-04-03 10:40:00,149
2001-04-03 10:45:00,143.2
2001-04-03 10:50:00,139.6
2001-04-03 10:55:00,145.6
2001-04-03 11:00:00,181
2001-04-03 11:05:00,186.4
2001-04-03 11:10:00,197
2001-04-03 11:15:00,208
2001-04-03 11:20:00,229.2
2001-04-03 11:25:00,232
2001-04-03 11:30:00,231
2001-04-03 11:35:00,218
2001-04-03 11:40:00,242.6
2001-04-03 11:45:00,254
2001-04-03 11:50:00,258
2001-04-03 11:55:00,0
2001-04-03 12:00:00,0
2001-04-03 12:05:00,0
2001-04-03 12:10:00,0
2001-04-03 12:15:00,0
2001-04-03 12:20:00,0
2001-04-03 12:25:00,0
2001-04-03 12:30:00,0
2001-04-03 12:35:00,0
2001-04-03 12:40:00,0
2001-04-03 12:45:00,0
2001-04-03 12:50:00,0
2001-04-03 12:55:00,0
2001-04-03 13:00:00,0
2001-04-03 13:05:00,0
2001-04-03 13:10:00,0
2001-04-03 13:15:00,0
2001-04-03 13:20:00,0
2001-04-03 13:25:00,0
2001-04-03 13:30:00,0
2001-04-03 13:35:00,0
2001-04-03 13:40:00,0
2001-04-03 13:45:00,0
2001-04-03 13:50:00,0
2001-04-03 13:55:00,0
2001-04-03 14:00:00,0
2001-04-03 14:05:00,0
2001-04-03 14:10:00,0
2001-04-03 14:15:00,0
2001-04-03 14:20:00,0
2001-04-03 14:25:00,0
2001-04-03 14:30:00,0
2001-04-03 14:35:00,0
2001-04-03 14:40:00,0
2001-04-03 14:45:00,0
2001-04-03 14:50:00,0
2001-04-03 14:55:00,0
2001-04-03 15:00:00,0
2001-04-03 15:05:00,0
2001-04-03 15:10:00,0
2001-04-03 15:15:00,0
2001-04-03 15:20:00,0
2001-04-03 15:25:00,0
2001-04-03 15:30:00,0
2001-04-03 15:35:00,0
2001-04-03 15:40:00,0
2001-04-03 15:45:00,0
2001-04-03 15:50:00,0
2001-04-03 15:55:00,0
2001-04-03 16:00:00,0
2001-04-03 16:05:00,0
2001-04-03 16:10:00,0
2001-04-03 16:15:00,0
2001-04-03 16:20:00,0
2001-04-03 16:25:00,0
2001-04-03 16:30:00,0
2001-04-03 16:35:00,0
2001-04-03 16:40:00,0
2001-04-03 16:45:00,0
2001-04-03 16:50:00,0
2001-04-03 16:55:00,0
2001-04-03 17:00:00,0
2001-04-03 17:05:00,0
2001-04-03 17:10:00,0
2001-04-03 17:15:00,0
2001-04-03 17:20:00,0
2001-04-03 17:25:00,0
2001-04-03 17:30:00,0
2001-04-03 17:35:00,0
2001-04-03 17:40:00,0
2001-04-03 17:45:00,0
2001-04-03 17:50:00,0
2001-04-03 17:55:00,0
2001-04-03 18:00:00,0
2001-04-03 18:05:00,0
2001-04-03 18:10:00,0
2001-04-03 18:15:00,0
2001-04-03 18:20:00,0
2001-04-03 18:25:00,0
2001-04-03 18:30:00,0
2001-04-03 18:35:00,0
2001-04-03 18:40:00,0
2001-04-03 18:45:00,0
2001-04-03 18:50:00,0
2001-04-03 18:55:00,0
2001-04-03 19:00:00,0
2001-04-03 19:05:00,0
2001-04-03 19:10:00,0
2001-04-03 19:15:00,0
2001-04-03 19:20:00,0
2001-04-03 19:25:00,0
2001-04-03 19:30:00,0
2001-04-03 19:35:00,0
2001-04-03 19:40:00,0
2001-04-03 19:45:00,0
2001-04-03 19:50:00,0
2001-04-03 19:55:00,0
2001-04-03 20:00:00,0
2001-04-03 20:05:00,0
2001-04-03 20:10:00,0
2001-04-03 20:15:00,0
2001-04-03 20:20:00,0
2001-04-03 20:25:00,0
2001-04-03 20:30:00,0
2001-04-03 20:35:00,0
2001-04-03 20:40:00,0
2001-04-03 20:45:00,0
2001-04-03 20:50:00,0
2001-04-03 20:55:00,0
2001-04-03 21:00:00,0
2001-04-03 21:05:00,0
2001-04-03 21:10:00,0
2001-04-03 21:15:00,0
2001-04-03 21:20:00,0
2001-04-03 21:25:00,0
2001-04-03 21:30:00,0
2001-04-03 21:35:00,0
2001-04-03 21:40:00,0
2001-04-03 21:45:00,0
2001-04-03 21:50:00,0
2001-04-03 21:55:00,0
2001-04-03 22:00:00,0
2001-04-03 22:05:00,0
2001-04-03 22:10:00,0
2001-04-03 22:15:00,0
2001-04-03 22:20:00,0
2001-04-03 22:25:00,0
2001-04-03 22:30:00,0
2001-04-03 22:35:00,0
2001-04-03 22:40:00,0
2001-04-03 22:45:00,0
2001-04-03 22:50:00,0
2001-04-03 22:55:00,0
2001-04-03 23:00:00,0
2001-04-03 23:05:00,0
2001-04-03 23:10:00,0
2001-04-03 23:15:00,0
2001-04-03 23:20:00,0
2001-04-03 23:25:00,0
2001-04-03 23:30:00,0
2001-04-03 23:35:00,0
2001-04-03 23:40:00,0
2001-04-03 23:45:00,0
2001-04-03 23:50:00,0
2001-04-03 23:55:00,0
2001-04-04 00:00:00,0
2001-04-04 00:05:00,0
2001-04-04 00:10:00,0
2001-04-04 00:15:00,0
2001-04-04 00:20:00,0
2001-04-04 00:25:00,0
2001-04-04 00:30:00,0
2001-04-04 00:35:00,0
2001-04-04 00:40:00,0
2001-04-04 00:45:00,0
2001-04-04 00:50:00,0
2001-04-04 00:55:00,0
2001-04-04 01:00:00,0
2001-04-04 01:05:00,0
2001-04-04 01:10:00,0
2001-04-04 01:15:00,0
2001-04-04 01:20:00,0
2001-04-04 01:25:00,0
2001-04-04 01:30:00,0
2001-04-04 01:35:00,0
2001-04-04 01:40:00,0
2001-04-04 01:45:00,0
2001-04-04 01:50:00,0
2001-04-04 01:55:00,0
2001-04-04 02:00:00,0
2001-04-04 02:05:00,0
2001-04-04 02:10:00,0
2001-04-04 02:15:00,0
2001-04-04 02:20:00,0
2001-04-04 02:25:00,0
2001-04-04 02:30:00,0
2001-04-04 02:35:00,0
2001-04-04 02:40:00,0
2001-04-04 02:45:00,0
2001-04-04 02:50:00,0
2001-04-04 02:55:00,0
2001-04-04 03:00:00,0
2001-04-04 03:05:00,0
2001-04-04 03:10:00,0
2001-04-04 03:15:00,0
2001-04-04 03:20:00,0
2001-04-04 03:25:00,0
2001-04-04 03:30:00,0
2001-04-04 03:35:00,0
2001-04-04 03:40:00,0
2001-04-04 03:45:00,0
2001-04-04 03:50:00,0
2001-04-04 03:55:00,0
2001-04-04 04:00:00,0
2001-04-04 04:05:00,0
2001-04-04 04:10:00,0
2001-04-04 04:15:00,0
2001-04-04 04:20:00,0
2001-04-04 04:25:00,0
2001-04-04 04:30:00,0
2001-04-04 04:35:00,0
2001-04-04 04:40:00,0
2001-04-04 04:45:00,0
2001-04-04 04:50:00,0
2001-04-04 04:55:00,0
2001-04-04 05:00:00,0
2001-04-04 05:05:00,0
2001-04-04 05:10:00,0
2001-04-04 05:15:00,0
2001-04-04 05:20:00,0
2001-04-04 05:25:00,0
2001-04-04 05:30:00,0
2001-04-04 05:35:00,0
2001-04-04 05:40:00,0
2001-04-04 05:45:00,0
2001-04-04 05:50:00,0
2001-04-04 05:55:00,0
2001-04-04 06:00:00,0
2001-04-04 06:05:00,0
2001-04-04 06:10:00,0
2001-04-04 06:15:00,0
2001-04-04 06:20:00,0
2001-04-04 06:25:00,0
2001-04-04 06:30:00,0
2001-04-04 06:35:00,0
2001-04-04 06:40:00,0
2001-04-04 06:45:00,0
2001-04-04 06:50:00,0
2001-04-04 06:55:00,0
2001-04-04 07:00:00,0
2001-04-04 07:05:00,0
2001-04-04 07:10:00,0
2001-04-04 07:15:00,0
2001-04-04 07:20:00,0
2001-04-04 07:25:00,0
2001-04-04 07:30:00,0
2001-04-04 07:35:00,0
2001-04-04 07:40:00,0
2001-04-04 07:45:00,0
2001-04-04 07:50:00,0
2001-04-04 07:55:00,0
2001-04-04 08:00:00,0
2001-04-04 08:05:00,0
2001-04-04 08:10:00,0
2001-04-04 08:15:00,0
2001-04-04 08:20:00,0
2001-04-04 08:25:00,0
2001-04-04 08:30:00,0
2001-04-04 08:35:00,0
2001-04-04 08:40:00,0
2001-04-04 08:45:00,0
2001-04-04 08:50:00,0
2001-04-04 08:55:00,0
2001-04-04 09:00:00,0
2001-04-04 09:05:00,0
2001-04-04 09:10:00,0
2001-04-04 09:15:00,0
2001-04-04 09:20:00,0
2001-04-04 09:25:00,0
2001-04-04 09:30:00,0
2001-04-04 09:35:00,0
2001-04-04 09:40:00,0
2001-04-04 09:45:00,0
2001-04-04 09:50:00,0
2001-04-04 09:55:00,0
2001-04-04 10:00:00,0
2001-04-04 10:05:00,0
2001-04-04 10:10:00,0
2001-04-04 10:15:00,0
2001-04-04 10:20:00,0
2001-04-04 10:25:00,0
2001-04-04 10:30:00,0
2001-04-04 10:35:00,0
2001-04-04 10:40:00,0
2001-04-04 10:45:00,0
2001-04-04 10:50:00,135
2001-04-04 10:55:00,146
2001-04-04 11:00:00,129
2001-04-04 11:05:00,111
2001-04-04 11:10:00,191.6
2001-04-04 11:15:00,223.2
2001-04-04 11:20:00,228
2001-04-04 11:25:00,238.8
2001-04-04 11:30:00,200.4
2001-04-04 11:35:00,192
2001-04-04 11:40:00,190
2001-04-04 11:45:00,181.4
2001-04-04 11:50:00,170
2001-04-04 11:55:00,225.8
2001-04-04 12:00:00,225.6
2001-04-04 12:05:00,322.6
2001-04-04 12:10:00,290.6
2001-04-04 12:15:00,178.6
2001-04-04 12:20:00,208
2001-04-04 12:25:00,282.2
2001-04-04 12:30:00,270.8
2001-04-04 12:35:00,233.2
2001-04-04 12:40:00,248.6
2001-04-04 12:45:00,196
2001-04-04 12:50:00,166.6
2001-04-04 12:55:00,296.6
2001-04-04 13:00:00,345
2001-04-04 13:05:00,374.8
2001-04-04 13:10:00,440
2001-04-04 13:15:00,477.2
2001-04-04 13:20:00,610.4
2001-04-04 13:25:00,511.8
2001-04-04 13:30:00,636.8
2001-04-04 13:35:00,627.6
2001-04-04 13:40:00,644.8
2001-04-04 13:45:00,776.8
2001-04-04 13:50:00,494.8
2001-04-04 13:55:00,392.8
2001-04-04 14:00:00,353
2001-04-04 14:05:00,215.8
2001-04-04 14:10:00,279.6
2001-04-04 14:15:00,608.8
2001-04-04 14:20:00,0
2001-04-04 14:25:00,0
2001-04-04 14:30:00,0
2001-04-04 14:35:00,0
2001-04-04 14:40:00,0
2001-04-04 14:45:00,0
2001-04-04 14:50:00,0
2001-04-04 14:55:00,0
2001-04-04 15:00:00,0
2001-04-04 15:05:00,0
2001-04-04 15:10:00,0
2001-04-04 15:15:00,0
2001-04-04 15:20:00,0
2001-04-04 15:25:00,0
2001-04-04 15:30:00,0
2001-04-04 15:35:00,0
2001-04-04 15:40:00,0
2001-04-04 15:45:00,0
2001-04-04 15:50:00,0
2001-04-04 15:55:00,0
2001-04-04 16:00:00,0
2001-04-04 16:05:00,0
2001-04-04 16:10:00,0
2001-04-04 16:15:00,0
2001-04-04 16:20:00,0
2001-04-04 16:25:00,0
2001-04-04 16:30:00,0
2001-04-04 16:35:00,0
2001-04-04 16:40:00,0
2001-04-04 16:45:00,0
2001-04-04 16:50:00,0
2001-04-04 16:55:00,0
2001-04-04 17:00:00,0
2001-04-04 17:05:00,0
2001-04-04 17:10:00,0
2001-04-04 17:15:00,0
2001-04-04 17:20:00,0
2001-04-04 17:25:00,0
2001-04-04 17:30:00,0
2001-04-04 17:35:00,0
2001-04-04 17:40:00,0
2001-04-04 17:45:00,0
2001-04-04 17:50:00,0
2001-04-04 17:55:00,0
2001-04-04 18:00:00,0
2001-04-04 18:05:00,0
2001-04-04 18:10:00,0
2001-04-04 18:15:00,0
2001-04-04 18:20:00,0
2001-04-04 18:25:00,0
2001-04-04 18:30:00,0
2001-04-04 18:35:00,0
2001-04-04 18:40:00,0
2001-04-04 18:45:00,0
2001-04-04 18:50:00,0
2001-04-04 18:55:00,0
2001-04-04 19:00:00,0
2001-04-04 19:05:00,0
2001-04-04 19:10:00,0
2001-04-04 19:15:00,0
2001-04-04 19:20:00,0
2001-04-04 19:25:00,0
2001-04-04 19:30:00,0
2001-04-04 19:35:00,0
2001-04-04 19:40:00,0
2001-04-04 19:45:00,0
2001-04-04 19:50:00,0
2001-04-04 19:55:00,0
2001-04-04 20:00:00,0
2001-04-04 20:05:00,0
2001-04-04 20:10:00,0
2001-04-04 20:15:00,0
2001-04-04 20:20:00,0
2001-04-04 20:25:00,0
2001-04-04 20:30:00,0
2001-04-04 20:35:00,0
2001-04-04 20:40:00,0
2001-04-04 20:45:00,0
2001-04-04 20:50:00,0
2001-04-04 20:55:00,0
2001-04-04 21:00:00,0
2001-04-04 21:05:00,0
2001-04-04 21:10:00,0
2001-04-04 21:15:00,0
2001-04-04 21:20:00,0
2001-04-04 21:25:00,0
2001-04-04 21:30:00,0
2001-04-04 21:35:00,0
2001-04-04 21:40:00,0
2001-04-04 21:45:00,0
2001-04-04 21:50:00,0
2001-04-04 21:55:00,0
2001-04-04 22:00:00,0
2001-04-04 22:05:00,0
2001-04-04 22:10:00,0
2001-04-04 22:15:00,0
2001-04-04 22:20:00,0
2001-04-04 22:25:00,0
2001-04-04 22:30:00,0
2001-04-04 22:35:00,0
2001-04-04 22:40:00,0
2001-04-04 22:45:00,0
2001-04-04 22:50:00,0
2001-04-04 22:55:00,0
2001-04-04 23:00:00,0
2001-04-04 23:05:00,0
2001-04-04 23:10:00,0
2001-04-04 23:15:00,0
2001-04-04 23:20:00,0
2001-04-04 23:25:00,0
2001-04-04 23:30:00,0
2001-04-04 23:35:00,0
2001-04-04 23:40:00,0
2001-04-04 23:45:00,0
2001-04-04 23:50:00,0
2001-04-04 23:55:00,0
2001-04-05 00:00:00,0
2001-04-05 00:05:00,0
2001-04-05 00:10:00,0
2001-04-05 00:15:00,0
2001-04-05 00:20:00,0
2001-04-05 00:25:00,0
2001-04-05 00:30:00,0
2001-04-05 00:35:00,0
2001-04-05 00:40:00,0
2001-04-05 00:45:00,0
2001-04-05 00:50:00,0
2001-04-05 00:55:00,0
2001-04-05 01:00:00,0
2001-04-05 01:05:00,0
2001-04-05 01:10:00,0
2001-04-05 01:15:00,0
2001-04-05 01:20:00,0
2001-04-05 01:25:00,0
2001-04-05 01:30:00,0
2001-04-05 01:35:00,0
2001-04-05 01:40:00,0
2001-04-05 01:45:00,0
2001-04-05 01:50:00,0
2001-04-05 01:55:00,0
2001-04-05 02:00:00,0
2001-04-05 02:05:00,0
2001-04-05 02:10:00,0
2001-04-05 02:15:00,0
2001-04-05 02:20:00,0
2001-04-05 02:25:00,0
2001-04-05 02:30:00,0
2001-04-05 02:35:00,0
2001-04-05 02:40:00,0
2001-04-05 02:45:00,0
2001-04-05 02:50:00,0
2001-04-05 02:55:00,0
2001-04-05 03:00:00,0
2001-04-05 03:05:00,0
2001-04-05 03:10:00,0
2001-04-05 03:15:00,0
2001-04-05 03:20:00,0
2001-04-05 03:25:00,0
2001-04-05 03:30:00,0
2001-04-05 03:35:00,0
2001-04-05 03:40:00,0
2001-04-05 03:45:00,0
2001-04-05 03:50:00,0
2001-04-05 03:55:00,0
2001-04-05 04:00:00,0
2001-04-05 04:05:00,0
2001-04-05 04:10:00,0
2001-04-05 04:15:00,0
2001-04-05 04:20:00,0
2001-04-05 04:25:00,0
2001-04-05 04:30:00,0
2001-04-05 04:35:00,0
2001-04-05 04:40:00,0
2001-04-05 04:45:00,0
2001-04-05 04:50:00,0
2001-04-05 04:55:00,0
2001-04-05 05:00:00,0
2001-04-05 05:05:00,0
2001-04-05 05:10:00,0
2001-04-05 05:15:00,0
2001-04-05 05:20:00,0
2001-04-05 05:25:00,0
2001-04-05 05:30:00,0
2001-04-05 05:35:00,0
2001-04-05 05:40:00,0
2001-04-05 05:45:00,0
2001-04-05 05:50:00,0
2001-04-05 05:55:00,0
2001-04-05 06:00:00,0
2001-04-05 06:05:00,0
2001-04-05 06:10:00,0
2001-04-05 06:15:00,0
2001-04-05 06:20:00,0
2001-04-05 06:25:00,0
2001-04-05 06:30:00,0
2001-04-05 06:35:00,0
2001-04-05 06:40:00,0
2001-04-05 06:45:00,0
2001-04-05 06:50:00,0
2001-04-05 06:55:00,0
2001-04-05 07:00:00,0
2001-04-05 07:05:00,0
2001-04-05 07:10:00,0
2001-04-05 07:15:00,0
2001-04-05 07:20:00,0
2001-04-05 07:25:00,0
2001-04-05 07:30:00,0
2001-04-05 07:35:00,0
2001-04-05 07:40:00,0
2001-04-05 07:45:00,0
2001-04-05 07:50:00,0
2001-04-05 07:55:00,0
2001-04-05 08:00:00,0
2001-04-05 08:05:00,0
2001-04-05 08:10:00,0
2001-04-05 08:15:00,0
2001-04-05 08:20:00,0
2001-04-05 08:25:00,0
2001-04-05 08:30:00,0
2001-04-05 08:35:00,0
2001-04-05 08:40:00,0
2001-04-05 08:45:00,0
2001-04-05 08:50:00,0
2001-04-05 08:55:00,0
2001-04-05 09:00:00,0
2001-04-05 09:05:00,0
2001-04-05 09:10:00,0
2001-04-05 09:15:00,0
2001-04-05 09:20:00,0
2001-04-05 09:25:00,0
2001-04-05 09:30:00,0
2001-04-05 09:35:00,0
2001-04-05 09:40:00,0
2001-04-05 09:45:00,0
2001-04-05 09:50:00,0
2001-04-05 09:55:00,0
2001-04-05 10:00:00,0
2001-04-05 10:05:00,0
2001-04-05 10:10:00,0
2001-04-05 10:15:00,0
2001-04-05 10:20:00,0
2001-04-05 10:25:00,0
2001-04-05 10:30:00,0
2001-04-05 10:35:00,0
2001-04-05 10:40:00,0
2001-04-05 10:45:00,0
2001-04-05 10:50:00,0
2001-04-05 10:55:00,0
2001-04-05 11:00:00,0
2001-04-05 11:05:00,0
2001-04-05 11:10:00,0
2001-04-05 11:15:00,0
2001-04-05 11:20:00,0
2001-04-05 11:25:00,0
2001-04-05 11:30:00,0
2001-04-05 11:35:00,0
2001-04-05 11:40:00,0
2001-04-05 11:45:00,0
2001-04-05 11:50:00,0
2001-04-05 11:55:00,0
2001-04-05 12:00:00,0
2001-04-05 12:05:00,0
2001-04-05 12:10:00,0
2001-04-05 12:15:00,0
2001-04-05 12:20:00,0
2001-04-05 12:25:00,0
2001-04-05 12:30:00,0
2001-04-05 12:35:00,0
2001-04-05 12:40:00,0
2001-04-05 12:45:00,0
2001-04-05 12:50:00,0
2001-04-05 12:55:00,0
2001-04-05 13:00:00,0
2001-04-05 13:05:00,0
2001-04-05 13:10:00,0
2001-04-05 13:15:00,0
2001-04-05 13:20:00,0
2001-04-05 13:25:00,0
2001-04-05 13:30:00,0
2001-04-05 13:35:00,0
2001-04-05 13:40:00,0
2001-04-05 13:45:00,0
2001-04-05 13:50:00,0
2001-04-05 13:55:00,0
2001-04-05 14:00:00,0
2001-04-05 14:05:00,0
2001-04-05 14:10:00,0
2001-04-05 14:15:00,0
2001-04-05 14:20:00,0
2001-04-05 14:25:00,318.5
2001-04-05 14:30:00,297
2001-04-05 14:35:00,284
2001-04-05 14:40:00,281
2001-04-05 14:45:00,278.4
2001-04-05 14:50:00,278
2001-04-05 14:55:00,276
2001-04-05 15:00:00,271.2
2001-04-05 15:05:00,265.333333333333
2001-04-05 15:10:00,0
2001-04-05 15:15:00,0
2001-04-05 15:20:00,0
2001-04-05 15:25:00,0
2001-04-05 15:30:00,247.75
2001-04-05 15:35:00,244
2001-04-05 15:40:00,238
2001-04-05 15:45:00,236
2001-04-05 15:50:00,230
2001-04-05 15:55:00,220
2001-04-05 16:00:00,216.4
2001-04-05 16:05:00,210
2001-04-05 16:10:00,200
2001-04-05 16:15:00,190.8
2001-04-05 16:20:00,187.2
2001-04-05 16:25:00,178.4
2001-04-05 16:30:00,167.6
2001-04-05 16:35:00,0
2001-04-05 16:40:00,133
2001-04-05 16:45:00,125.2
2001-04-05 16:50:00,124
2001-04-05 16:55:00,124
2001-04-05 17:00:00,121
2001-04-05 17:05:00,115
2001-04-05 17:10:00,109
2001-04-05 17:15:00,99
2001-04-05 17:20:00,89.2
2001-04-05 17:25:00,82
2001-04-05 17:30:00,82
2001-04-05 17:35:00,73
2001-04-05 17:40:00,73
2001-04-05 17:45:00,69
2001-04-05 17:50:00,72
2001-04-05 17:55:00,68
2001-04-05 18:00:00,68
2001-04-05 18:05:00,68
2001-04-05 18:10:00,66
2001-04-05 18:15:00,64
2001-04-05 18:20:00,63
2001-04-05 18:25:00,64
2001-04-05 18:30:00,66
2001-04-05 18:35:00,64
2001-04-05 18:40:00,63
2001-04-05 18:45:00,65
2001-04-05 18:50:00,66
2001-04-05 18:55:00,65
2001-04-05 19:00:00,0
2001-04-05 19:05:00,0
2001-04-05 19:10:00,0
2001-04-05 19:15:00,0
2001-04-05 19:20:00,65
2001-04-05 19:25:00,65
2001-04-05 19:30:00,65
2001-04-05 19:35:00,65
2001-04-05 19:40:00,0
2001-04-05 19:45:00,0
2001-04-05 19:50:00,0
2001-04-05 19:55:00,66
2001-04-05 20:00:00,0
2001-04-05 20:05:00,0
2001-04-05 20:10:00,0
2001-04-05 20:15:00,0
2001-04-05 20:20:00,0
2001-04-05 20:25:00,0
2001-04-05 20:30:00,0
2001-04-05 20:35:00,0
2001-04-05 20:40:00,0
2001-04-05 20:45:00,0
2001-04-05 20:50:00,0
2001-04-05 20:55:00,0
2001-04-05 21:00:00,0
2001-04-05 21:05:00,0
2001-04-05 21:10:00,0
2001-04-05 21:15:00,0
2001-04-05 21:20:00,65
2001-04-05 21:25:00,0
2001-04-05 21:30:00,65
2001-04-05 21:35:00,0
2001-04-05 21:40:00,0
2001-04-05 21:45:00,0
2001-04-05 21:50:00,0
2001-04-05 21:55:00,0
2001-04-05 22:00:00,0
2001-04-05 22:05:00,0
2001-04-05 22:10:00,0
2001-04-05 22:15:00,0
2001-04-05 22:20:00,0
2001-04-05 22:25:00,0
2001-04-05 22:30:00,0
2001-04-05 22:35:00,0
2001-04-05 22:40:00,0
2001-04-05 22:45:00,0
2001-04-05 22:50:00,0
2001-04-05 22:55:00,0
2001-04-05 23:00:00,0
2001-04-05 23:05:00,0
2001-04-05 23:10:00,0
2001-04-05 23:15:00,0
2001-04-05 23:20:00,0
2001-04-05 23:25:00,0
2001-04-05 23:30:00,0
2001-04-05 23:35:00,0
2001-04-05 23:40:00,0
2001-04-05 23:45:00,0
2001-04-05 23:50:00,0
2001-04-05 23:55:00,0
2001-04-06 00:00:00,0
2001-04-06 00:05:00,0
2001-04-06 00:10:00,0
2001-04-06 00:15:00,0
2001-04-06 00:20:00,0
2001-04-06 00:25:00,0
2001-04-06 00:30:00,0
2001-04-06 00:35:00,0
2001-04-06 00:40:00,0
2001-04-06 00:45:00,0
2001-04-06 00:50:00,0
2001-04-06 00:55:00,0
2001-04-06 01:00:00,0
2001-04-06 01:05:00,0
2001-04-06 01:10:00,0
2001-04-06 01:15:00,0
2001-04-06 01:20:00,0
2001-04-06 01:25:00,0
2001-04-06 01:30:00,0
2001-04-06 01:35:00,0
2001-04-06 01:40:00,0
2001-04-06 01:45:00,0
2001-04-06 01:50:00,0
2001-04-06 01:55:00,0
2001-04-06 02:00:00,0
2001-04-06 02:05:00,0
2001-04-06 02:10:00,0
2001-04-06 02:15:00,0
2001-04-06 02:20:00,0
2001-04-06 02:25:00,0
2001-04-06 02:30:00,0
2001-04-06 02:35:00,0
2001-04-06 02:40:00,0
2001-04-06 02:45:00,0
2001-04-06 02:50:00,0
2001-04-06 02:55:00,0
2001-04-06 03:00:00,0
2001-04-06 03:05:00,0
2001-04-06 03:10:00,0
2001-04-06 03:15:00,0
2001-04-06 03:20:00,0
2001-04-06 03:25:00,0
2001-04-06 03:30:00,0
2001-04-06 03:35:00,0
2001-04-06 03:40:00,0
2001-04-06 03:45:00,0
2001-04-06 03:50:00,0
2001-04-06 03:55:00,0
2001-04-06 04:00:00,0
2001-04-06 04:05:00,0
2001-04-06 04:10:00,0
2001-04-06 04:15:00,0
2001-04-06 04:20:00,0
2001-04-06 04:25:00,0
2001-04-06 04:30:00,0
2001-04-06 04:35:00,0
2001-04-06 04:40:00,0
2001-04-06 04:45:00,0
2001-04-06 04:50:00,0
2001-04-06 04:55:00,0
2001-04-06 05:00:00,0
2001-04-06 05:05:00,0
2001-04-06 05:10:00,0
2001-04-06 05:15:00,0
2001-04-06 05:20:00,0
2001-04-06 05:25:00,0
2001-04-06 05:30:00,0
2001-04-06 05:35:00,0
2001-04-06 05:40:00,0
2001-04-06 05:45:00,0
2001-04-06 05:50:00,0
2001-04-06 05:55:00,0
2001-04-06 06:00:00,0
2001-04-06 06:05:00,0
2001-04-06 06:10:00,0
2001-04-06 06:15:00,0
2001-04-06 06:20:00,0
2001-04-06 06:25:00,0
2001-04-06 06:30:00,0
2001-04-06 06:35:00,0
2001-04-06 06:40:00,0
2001-04-06 06:45:00,0
2001-04-06 06:50:00,0
2001-04-06 06:55:00,0
2001-04-06 07:00:00,0
2001-04-06 07:05:00,0
2001-04-06 07:10:00,0
2001-04-06 07:15:00,0
2001-04-06 07:20:00,0
2001-04-06 07:25:00,0
2001-04-06 07:30:00,0
2001-04-06 07:35:00,0
2001-04-06 07:40:00,0
2001-04-06 07:45:00,0
2001-04-06 07:50:00,0
2001-04-06 07:55:00,0
2001-04-06 08:00:00,0
2001-04-06 08:05:00,0
2001-04-06 08:10:00,0
2001-04-06 08:15:00,0
2001-04-06 08:20:00,0
2001-04-06 08:25:00,0
2001-04-06 08:30:00,0
2001-04-06 08:35:00,0
2001-04-06 08:40:00,0
2001-04-06 08:45:00,0
2001-04-06 08:50:00,0
2001-04-06 08:55:00,0
2001-04-06 09:00:00,0
2001-04-06 09:05:00,67.5
2001-04-06 09:10:00,0
2001-04-06 09:15:00,67
2001-04-06 09:20:00,69.4
2001-04-06 09:25:00,75.8
2001-04-06 09:30:00,82
2001-04-06 09:35:00,88
2001-04-06 09:40:00,92
2001-04-06 09:45:00,100
2001-04-06 09:50:00,108
2001-04-06 09:55:00,118
2001-04-06 10:00:00,132
2001-04-06 10:05:00,134.4
2001-04-06 10:10:00,157
2001-04-06 10:15:00,171
2001-04-06 10:20:00,180
2001-04-06 10:25:00,214
2001-04-06 10:30:00,236
2001-04-06 10:35:00,291.8
2001-04-06 10:40:00,368
2001-04-06 10:45:00,474.4
2001-04-06 10:50:00,526.2
2001-04-06 10:55:00,554.8
2001-04-06 11:00:00,550
2001-04-06 11:05:00,551
2001-04-06 11:10:00,520.8
2001-04-06 11:15:00,452
2001-04-06 11:20:00,448
2001-04-06 11:25:00,457.4
2001-04-06 11:30:00,518.2
2001-04-06 11:35:00,547.6
2001-04-06 11:40:00,533.6
2001-04-06 11:45:00,526.6
2001-04-06 11:50:00,529
2001-04-06 11:55:00,511.6
2001-04-06 12:00:00,522
2001-04-06 12:05:00,577.6
2001-04-06 12:10:00,597.6
2001-04-06 12:15:00,595.2
2001-04-06 12:20:00,616.2
2001-04-06 12:25:00,652
2001-04-06 12:30:00,668.8
2001-04-06 12:35:00,695
2001-04-06 12:40:00,614.2
2001-04-06 12:45:00,620.4
2001-04-06 12:50:00,618.6
2001-04-06 12:55:00,654.8
2001-04-06 13:00:00,642.4
2001-04-06 13:05:00,646.8
2001-04-06 13:10:00,718
2001-04-06 13:15:00,771.8
2001-04-06 13:20:00,801
2001-04-06 13:25:00,800
2001-04-06 13:30:00,774.8
2001-04-06 13:35:00,759.2
2001-04-06 13:40:00,761.2
2001-04-06 13:45:00,717.4
2001-04-06 13:50:00,696.8
2001-04-06 13:55:00,675.6
2001-04-06 14:00:00,626.4
2001-04-06 14:05:00,602.2
2001-04-06 14:10:00,597.4
2001-04-06 14:15:00,582.8
2001-04-06 14:20:00,575.2
2001-04-06 14:25:00,554
2001-04-06 14:30:00,538.4
2001-04-06 14:35:00,522.2
2001-04-06 14:40:00,510.8
2001-04-06 14:45:00,507
2001-04-06 14:50:00,491.6
2001-04-06 14:55:00,468.2
2001-04-06 15:00:00,463
2001-04-06 15:05:00,464.2
2001-04-06 15:10:00,464
2001-04-06 15:15:00,465.2
2001-04-06 15:20:00,452
2001-04-06 15:25:00,439
2001-04-06 15:30:00,430
2001-04-06 15:35:00,415.6
2001-04-06 15:40:00,405.4
2001-04-06 15:45:00,387
2001-04-06 15:50:00,363.6
2001-04-06 15:55:00,337.2
2001-04-06 16:00:00,313.2
2001-04-06 16:05:00,302
2001-04-06 16:10:00,293.6
2001-04-06 16:15:00,284
2001-04-06 16:20:00,269.2
2001-04-06 16:25:00,252
2001-04-06 16:30:00,233.4
2001-04-06 16:35:00,215.2
2001-04-06 16:40:00,192
2001-04-06 16:45:00,172
2001-04-06 16:50:00,156
2001-04-06 16:55:00,140
2001-04-06 17:00:00,129
2001-04-06 17:05:00,117
2001-04-06 17:10:00,106.8
2001-04-06 17:15:00,95
2001-04-06 17:20:00,87
2001-04-06 17:25:00,82
2001-04-06 17:30:00,77
2001-04-06 17:35:00,71.2
2001-04-06 17:40:00,69.2
2001-04-06 17:45:00,67
2001-04-06 17:50:00,68
2001-04-06 17:55:00,65
2001-04-06 18:00:00,65
2001-04-06 18:05:00,64
2001-04-06 18:10:00,65
2001-04-06 18:15:00,61
2001-04-06 18:20:00,65
2001-04-06 18:25:00,64
2001-04-06 18:30:00,64
2001-04-06 18:35:00,63
2001-04-06 18:40:00,62
2001-04-06 18:45:00,65
2001-04-06 18:50:00,65
2001-04-06 18:55:00,64
2001-04-06 19:00:00,65
2001-04-06 19:05:00,0
2001-04-06 19:10:00,0
2001-04-06 19:15:00,0
2001-04-06 19:20:00,0
2001-04-06 19:25:00,0
2001-04-06 19:30:00,0
2001-04-06 19:35:00,0
2001-04-06 19:40:00,0
2001-04-06 19:45:00,0
2001-04-06 19:50:00,0
2001-04-06 19:55:00,0
2001-04-06 20:00:00,0
2001-04-06 20:05:00,0
2001-04-06 20:10:00,65
2001-04-06 20:15:00,0
2001-04-06 20:20:00,0
2001-04-06 20:25:00,65
2001-04-06 20:30:00,65
2001-04-06 20:35:00,0
2001-04-06 20:40:00,0
2001-04-06 20:45:00,0
2001-04-06 20:50:00,0
2001-04-06 20:55:00,0
2001-04-06 21:00:00,0
2001-04-06 21:05:00,65
2001-04-06 21:10:00,65
2001-04-06 21:15:00,0
2001-04-06 21:20:00,0
2001-04-06 21:25:00,0
2001-04-06 21:30:00,0
2001-04-06 21:35:00,0
2001-04-06 21:40:00,0
2001-04-06 21:45:00,65
2001-04-06 21:50:00,0
2001-04-06 21:55:00,0
2001-04-06 22:00:00,0
2001-04-06 22:05:00,0
2001-04-06 22:10:00,0
2001-04-06 22:15:00,0
2001-04-06 22:20:00,0
2001-04-06 22:25:00,0
2001-04-06 22:30:00,0
2001-04-06 22:35:00,0
2001-04-06 22:40:00,0
2001-04-06 22:45:00,0
2001-04-06 22:50:00,0
2001-04-06 22:55:00,0
2001-04-06 23:00:00,0
2001-04-06 23:05:00,0
2001-04-06 23:10:00,0
2001-04-06 23:15:00,0
2001-04-06 23:20:00,0
2001-04-06 23:25:00,0
2001-04-06 23:30:00,0
2001-04-06 23:35:00,0
2001-04-06 23:40:00,0
2001-04-06 23:45:00,0
2001-04-06 23:50:00,0
2001-04-06 23:55:00,0
2001-04-07 00:00:00,0
2001-04-07 00:05:00,0
2001-04-07 00:10:00,0
2001-04-07 00:15:00,0
2001-04-07 00:20:00,0
2001-04-07 00:25:00,0
2001-04-07 00:30:00,0
2001-04-07 00:35:00,0
2001-04-07 00:40:00,0
2001-04-07 00:45:00,0
2001-04-07 00:50:00,0
2001-04-07 00:55:00,0
2001-04-07 01:00:00,0
2001-04-07 01:05:00,0
2001-04-07 01:10:00,0
2001-04-07 01:15:00,0
2001-04-07 01:20:00,0
2001-04-07 01:25:00,0
2001-04-07 01:30:00,0
2001-04-07 01:35:00,0
2001-04-07 01:40:00,0
2001-04-07 01:45:00,0
2001-04-07 01:50:00,0
2001-04-07 01:55:00,0
2001-04-07 02:00:00,0
2001-04-07 02:05:00,0
2001-04-07 02:10:00,0
2001-04-07 02:15:00,0
2001-04-07 02:20:00,0
2001-04-07 02:25:00,0
2001-04-07 02:30:00,0
2001-04-07 02:35:00,0
2001-04-07 02:40:00,0
2001-04-07 02:45:00,0
2001-04-07 02:50:00,0
2001-04-07 02:55:00,0
2001-04-07 03:00:00,0
2001-04-07 03:05:00,0
2001-04-07 03:10:00,0
2001-04-07 03:15:00,0
2001-04-07 03:20:00,0
2001-04-07 03:25:00,0
2001-04-07 03:30:00,0
2001-04-07 03:35:00,0
2001-04-07 03:40:00,0
2001-04-07 03:45:00,0
2001-04-07 03:50:00,0
2001-04-07 03:55:00,0
2001-04-07 04:00:00,0
2001-04-07 04:05:00,0
2001-04-07 04:10:00,0
2001-04-07 04:15:00,0
2001-04-07 04:20:00,0
2001-04-07 04:25:00,0
2001-04-07 04:30:00,0
2001-04-07 04:35:00,0
2001-04-07 04:40:00,0
2001-04-07 04:45:00,0
2001-04-07 04:50:00,0
2001-04-07 04:55:00,0
2001-04-07 05:00:00,0
2001-04-07 05:05:00,0
2001-04-07 05:10:00,0
2001-04-07 05:15:00,0
2001-04-07 05:20:00,0
2001-04-07 05:25:00,0
2001-04-07 05:30:00,0
2001-04-07 05:35:00,0
2001-04-07 05:40:00,0
2001-04-07 05:45:00,0
2001-04-07 05:50:00,0
2001-04-07 05:55:00,0
2001-04-07 06:00:00,0
2001-04-07 06:05:00,0
2001-04-07 06:10:00,0
2001-04-07 06:15:00,0
2001-04-07 06:20:00,0
2001-04-07 06:25:00,0
2001-04-07 06:30:00,0
2001-04-07 06:35:00,0
2001-04-07 06:40:00,0
2001-04-07 06:45:00,0
2001-04-07 06:50:00,0
2001-04-07 06:55:00,0
2001-04-07 07:00:00,0
2001-04-07 07:05:00,0
2001-04-07 07:10:00,0
2001-04-07 07:15:00,0
2001-04-07 07:20:00,0
2001-04-07 07:25:00,0
2001-04-07 07:30:00,0
2001-04-07 07:35:00,0
2001-04-07 07:40:00,0
2001-04-07 07:45:00,0
2001-04-07 07:50:00,0
2001-04-07 07:55:00,0
2001-04-07 08:00:00,0
2001-04-07 08:05:00,0
2001-04-07 08:10:00,0
2001-04-07 08:15:00,0
2001-04-07 08:20:00,0
2001-04-07 08:25:00,0
2001-04-07 08:30:00,0
2001-04-07 08:35:00,0
2001-04-07 08:40:00,0
2001-04-07 08:45:00,0
2001-04-07 08:50:00,0
2001-04-07 08:55:00,0
2001-04-07 09:00:00,0
2001-04-07 09:05:00,0
2001-04-07 09:10:00,0
2001-04-07 09:15:00,0
2001-04-07 09:20:00,0
2001-04-07 09:25:00,0
2001-04-07 09:30:00,0
2001-04-07 09:35:00,0
2001-04-07 09:40:00,0
2001-04-07 09:45:00,0
2001-04-07 09:50:00,86
2001-04-07 09:55:00,106
2001-04-07 10:00:00,110
2001-04-07 10:05:00,114
2001-04-07 10:10:00,119
2001-04-07 10:15:00,98
2001-04-07 10:20:00,94
2001-04-07 10:25:00,112
2001-04-07 10:30:00,146.8
2001-04-07 10:35:00,171.4
2001-04-07 10:40:00,153.6
2001-04-07 10:45:00,151
2001-04-07 10:50:00,196.8
2001-04-07 10:55:00,139.2
2001-04-07 11:00:00,145.2
2001-04-07 11:05:00,154
2001-04-07 11:10:00,131.6
2001-04-07 11:15:00,232.4
2001-04-07 11:20:00,391.4
2001-04-07 11:25:00,812.6
2001-04-07 11:30:00,1069.8
2001-04-07 11:35:00,792.6
2001-04-07 11:40:00,510.2
2001-04-07 11:45:00,399.6
2001-04-07 11:50:00,445
2001-04-07 11:55:00,484
2001-04-07 12:00:00,588.2
2001-04-07 12:05:00,654.6
2001-04-07 12:10:00,641
2001-04-07 12:15:00,648.8
2001-04-07 12:20:00,583.6
2001-04-07 12:25:00,556.4
2001-04-07 12:30:00,587.4
2001-04-07 12:35:00,570.8
2001-04-07 12:40:00,556.4
2001-04-07 12:45:00,573
2001-04-07 12:50:00,734.2
2001-04-07 12:55:00,729.8
2001-04-07 13:00:00,427.4
2001-04-07 13:05:00,473.2
2001-04-07 13:10:00,383.4
2001-04-07 13:15:00,423.6
2001-04-07 13:20:00,444
2001-04-07 13:25:00,472
2001-04-07 13:30:00,484.6
2001-04-07 13:35:00,497.8
2001-04-07 13:40:00,405
2001-04-07 13:45:00,458.2
2001-04-07 13:50:00,397
2001-04-07 13:55:00,467.4
2001-04-07 14:00:00,499.8
2001-04-07 14:05:00,518.8
2001-04-07 14:10:00,486
2001-04-07 14:15:00,447
2001-04-07 14:20:00,442.4
2001-04-07 14:25:00,437
2001-04-07 14:30:00,409.4
2001-04-07 14:35:00,399.2
2001-04-07 14:40:00,454.6
2001-04-07 14:45:00,466.4
2001-04-07 14:50:00,414.6
2001-04-07 14:55:00,438.8
2001-04-07 15:00:00,471.2
2001-04-07 15:05:00,415.6
2001-04-07 15:10:00,458.8
2001-04-07 15:15:00,456
2001-04-07 15:20:00,429
2001-04-07 15:25:00,417.6
2001-04-07 15:30:00,318.6
2001-04-07 15:35:00,255.2
2001-04-07 15:40:00,271.6
2001-04-07 15:45:00,229.2
2001-04-07 15:50:00,245.6
2001-04-07 15:55:00,229.2
2001-04-07 16:00:00,243.2
2001-04-07 16:05:00,230.2
2001-04-07 16:10:00,205.2
2001-04-07 16:15:00,202.4
2001-04-07 16:20:00,216
2001-04-07 16:25:00,194
2001-04-07 16:30:00,180.4
2001-04-07 16:35:00,163.2
2001-04-07 16:40:00,155
2001-04-07 16:45:00,154
2001-04-07 16:50:00,129.8
2001-04-07 16:55:00,116
2001-04-07 17:00:00,113
2001-04-07 17:05:00,104
2001-04-07 17:10:00,101
2001-04-07 17:15:00,94.2
2001-04-07 17:20:00,82
2001-04-07 17:25:00,74
2001-04-07 17:30:00,72
2001-04-07 17:35:00,70
2001-04-07 17:40:00,63.6
2001-04-07 17:45:00,61.6
2001-04-07 17:50:00,61.6
2001-04-07 17:55:00,62
2001-04-07 18:00:00,60.8
2001-04-07 18:05:00,60
2001-04-07 18:10:00,60
2001-04-07 18:15:00,61.2
2001-04-07 18:20:00,61.4
2001-04-07 18:25:00,60
2001-04-07 18:30:00,59
2001-04-07 18:35:00,60
2001-04-07 18:40:00,61
2001-04-07 18:45:00,60
2001-04-07 18:50:00,59
2001-04-07 18:55:00,60
2001-04-07 19:00:00,0
2001-04-07 19:05:00,0
2001-04-07 19:10:00,0
2001-04-07 19:15:00,0
2001-04-07 19:20:00,0
2001-04-07 19:25:00,0
2001-04-07 19:30:00,0
2001-04-07 19:35:00,0
2001-04-07 19:40:00,0
2001-04-07 19:45:00,65
2001-04-07 19:50:00,0
2001-04-07 19:55:00,0
2001-04-07 20:00:00,0
2001-04-07 20:05:00,0
2001-04-07 20:10:00,0
2001-04-07 20:15:00,0
2001-04-07 20:20:00,0
2001-04-07 20:25:00,0
2001-04-07 20:30:00,0
2001-04-07 20:35:00,0
2001-04-07 20:40:00,0
2001-04-07 20:45:00,0
2001-04-07 20:50:00,0
2001-04-07 20:55:00,0
2001-04-07 21:00:00,0
2001-04-07 21:05:00,0
2001-04-07 21:10:00,0
2001-04-07 21:15:00,0
2001-04-07 21:20:00,0
2001-04-07 21:25:00,0
2001-04-07 21:30:00,0
2001-04-07 21:35:00,0
2001-04-07 21:40:00,0
2001-04-07 21:45:00,0
2001-04-07 21:50:00,0
2001-04-07 21:55:00,0
2001-04-07 22:00:00,0
2001-04-07 22:05:00,0
2001-04-07 22:10:00,0
2001-04-07 22:15:00,0
2001-04-07 22:20:00,0
2001-04-07 22:25:00,0
2001-04-07 22:30:00,0
2001-04-07 22:35:00,0
2001-04-07 22:40:00,0
2001-04-07 22:45:00,0
2001-04-07 22:50:00,0
2001-04-07 22:55:00,0
2001-04-07 23:00:00,0
2001-04-07 23:05:00,0
2001-04-07 23:10:00,0
2001-04-07 23:15:00,0
2001-04-07 23:20:00,0
2001-04-07 23:25:00,0
2001-04-07 23:30:00,0
2001-04-07 23:35:00,0
2001-04-07 23:40:00,0
2001-04-07 23:45:00,0
2001-04-07 23:50:00,0
2001-04-07 23:55:00,0
2001-04-08 00:00:00,0
2001-04-08 00:05:00,0
2001-04-08 00:10:00,0
2001-04-08 00:15:00,0
2001-04-08 00:20:00,0
2001-04-08 00:25:00,0
2001-04-08 00:30:00,0
2001-04-08 00:35:00,0
2001-04-08 00:40:00,0
2001-04-08 00:45:00,0
2001-04-08 00:50:00,0
2001-04-08 00:55:00,0
